{"schemaVersion":"1.0","appDefinitionTemplate":{"id":"/providers/Microsoft.PowerApps/apps/","type":"Microsoft.PowerApps/apps","tags":{"primaryDeviceWidth":"1024","primaryDeviceHeight":"768","supportsPortrait":"true","supportsLandscape":"true","primaryFormFactor":"Tablet","showStatusBar":"true","publisherVersion":"3.24111.12","minimumRequiredApiVersion":"2.2.0","hasComponent":"false","hasUnlockedComponent":"false","isUnifiedRootApp":"false","sienaVersion":"20241130T144047Z-3.24111.12.0"},"properties":{"appVersion":"2024-11-30T14:40:47Z","lifeCycleId":"Published","createdByClientVersion":{"major":3,"minor":24111,"build":12,"revision":0,"majorRevision":0,"minorRevision":0},"minClientVersion":{"major":3,"minor":24111,"build":12,"revision":0,"majorRevision":0,"minorRevision":0},"backgroundColor":"RGBA(0,176,240,1)","backgroundImageUri":"/15256824949739883841/Ncef6116d-f4c9-43c6-9a96-892e58be1053-logoSmallFile","displayName":"NG MHAC LabREQ","description":"This is to be used to generate an invoice for additional lab test by the assessing physician.","commitMessage":"","appUris":{"documentUri":{"value":"/15256824949739883841/N6299668f-d84e-4ed2-a3cf-de7444a6eb3f-document.msapp"},"imageUris":[],"additionalUris":[{"isSolutionAware":false,"value":"/15256824949739883841/N540d08c8-330d-45b9-b86a-6a22dc735fb1-identity.json"}]},"createdTime":"0001-01-01T00:00:00Z","lastModifiedTime":"0001-01-01T00:00:00Z","sharedGroupsCount":0,"sharedUsersCount":0,"connectionReferences":{"03b7e47f-a9e6-4b68-94aa-54798cd32bf8":{"id":"6b6fa678-566a-43c7-8b02-4c8000f1e354","displayName":"SharePoint","iconUri":"https://connectoricons-prod.azureedge.net/u/jayawan/releases/v1.0.1697/1.0.1697.3786/sharepointonline/icon.png","dataSources":["NGLag_CountryList","NGLag_AddLabTest_BackendDb","NGLag_GenderSelection","NGLag_TestName","NGAbj_AddLabTest_BackendDb","NG_SubOfficeDrpDown","NG_No_of_TestDropDown","NGLag_LabReq_ApprovalFlow_Db","NGAbj_LabReq_ApprovalFlow_Db","NG_UserRole_LabREQ","NG_LabREQ_MissionRate"],"dependencies":[],"dependents":[],"parameterHints":{},"parameterHintsV2":{},"isOnPremiseConnection":false,"bypassConsent":false,"dataSets":{"https://iomint.sharepoint.com/teams/IOMAbujaMainoffice/MHAC":{"dataSources":{"NGLag_CountryList":{"tableName":"8b8c91c7-870c-4bd7-a5e6-74b3ef5d306b"},"NGLag_AddLabTest_BackendDb":{"tableName":"ad2ff024-d4ce-4f62-a57a-60c1fe530c36"},"NGLag_GenderSelection":{"tableName":"8f17ab7f-5360-4a7c-b30c-a281d262f88b"},"NGLag_TestName":{"tableName":"d4fbb613-40b0-447d-a0fd-6681a3ef4b5b"},"NGAbj_AddLabTest_BackendDb":{"tableName":"7dd78f2c-0dfc-4d50-ba4f-8ea12e380416"},"NG_SubOfficeDrpDown":{"tableName":"3f43c2e1-d740-4500-9da4-251d071d6c56"},"NG_No_of_TestDropDown":{"tableName":"80ecb55c-52d2-4671-8c01-199f52bb4b65"},"NGLag_LabReq_ApprovalFlow_Db":{"tableName":"4173efd6-1e3b-4252-8484-e1afda0a7ced"},"NGAbj_LabReq_ApprovalFlow_Db":{"tableName":"b6c12b6b-2e79-4d6d-998b-c0e23c76d856"},"NG_UserRole_LabREQ":{"tableName":"cbb38ad6-4f22-4d1e-919c-f646d9756b30"},"NG_LabREQ_MissionRate":{"tableName":"b7244bc3-2d91-4057-bf41-4aefecab38ec"}}}},"apiTier":"Standard","isCustomApiConnection":false,"actions":["providers/PowerPlatform.Governance/Operations/Read","providers/PowerPlatform.Governance/Operations/Write","providers/PowerPlatform.Governance/Operations/Delete"]}},"databaseReferences":{},"almMode":"Solution","performanceOptimizationEnabled":true,"canConsumeAppPass":true,"enableModernRuntimeMode":false,"executionRestrictions":{"isTeamsOnly":false,"dataLossPreventionEvaluationResult":{"status":"Compliant","lastEvaluationDate":"2024-09-22T16:04:41.9910604Z","violations":[],"violationsByPolicy":[],"violationErrorMessage":"The app uses the following connectors: shared_sharepointonline, shared_logicflows, shared_office365."},"httpActionRestriction":{"appUsesSharepointHttpAction":false,"enforcementStrategy":"Legacy","evaluationTime":"2024-09-22T16:04:41.9909285Z"}}},"appType":"ClassicCanvasApp","appComponents":[]}}