{"__Version":"0.1","App":"c240405a-0d09-4c73-9f82-17e9aed2543b","Test_7F478737223C4B69":"850e45ce-150c-4630-bdbe-fec0876334cf","Host":"f8f37607-01d8-4e1c-8ac7-1de3cac351dd","LabLagos_ReqForm1":"341492b9-b175-4346-82aa-7e5c0ab51ae9","TextCanvas1_1":"a7f10520-a93b-4e98-9d0e-b63a4c0d150b","ImageLagos_ReqForm1Logo":"59fd8491-3921-4943-bafc-dbce9e1dc7d0","LabelLagos_ReqFm1_HeaderTitle":"f5d182d7-1c5e-41fa-b751-fa6fda15af6e","iconLagos_ReqFm1_Home":"fa3e35a7-344f-492c-b37e-1412fc509e05","Arrow5":"71108539-b8b9-4e28-988e-50e3e748ad6c","LabelLagos_ReqFm1_AppInfo_1":"297186a7-bfad-494d-82cd-d7e2f879422e","LabelLagos_ReqFm1_AppInfo":"5ec5d8e3-ada4-4c27-90ef-9867e69d096e","DropdownLagMissRate":"ec403428-0f73-4df3-adc9-a991e0494b15","LabelLagos_ReqFm1_DateOfRqName_1":"f6eec87b-a9b3-41b2-8bf4-5b30c2328213","Icon2":"86753014-7cd3-4767-bba8-762d4a1535f1","LabelLagos_ReqFm1_AppGendName":"1ed98661-0d4f-42e4-8600-30c402237894","ComboBoxLagos_ReqFm1_GenderVal":"281578df-8792-4199-8027-42999cee1f1c","LabelLagos_ReqFm1_DateOfRqName":"d56bfc9b-009a-4439-b562-bccb0fa2f06b","LabelLagos_ReqFm1_DateOfRqVal":"9f86e10c-a055-47c9-969a-ee086a505dd2","LabelLagos_ReqFm1_ReqDocTitle":"4c18f15f-54a4-46ac-bb83-5acbf04f5927","DatePickerLagos_ReqFm1_AppDobVal":"0ac40845-557a-4ee9-8b26-4202538c874f","LabelLagos_ReqFm1_AppDobName":"240c5750-b7eb-4b12-ac73-0d5fd7b5ef33","LabelLagos_ReqFm1_ReqDrValue":"c78155e1-9ae7-485d-af6b-7dbf56faf2a4","TextInputLagos_ReqFm1_MimosaID":"171d718e-7e77-4713-9216-79d4d4fd6412","LabelLagos_ReqFm1_MimosaIDName":"4e754a89-80f0-4147-a102-33c35b4fe0fa","LabelLagos_Req1ClntMadePayment":"c5a62baf-7296-4f6f-a27f-dee8f4feb8a4","TextInputLagos_ReqFm1_LastName":"7b487135-c6bc-4418-b2c8-82de8a3dba0e","LabelLagos_ReqFm1_MimosaIDName_1":"9a537f8c-5eea-4599-aa0b-2665966ab51e","TextInputLagos_ReqFm1_FirstName":"552cfe62-5c87-45e5-83b6-5a6ae5967657","LabelLagos_ReqFm1_DestCoun":"5b48b222-8147-4b82-8b8d-1dfc89b3fcd4","ComboBoxLagos_ReqFm1_DestCoun":"093b3028-25ce-4f64-8be3-d6adc2d099d7","LabelLagos_ReqFm1_MimosaIDName_2":"ab2cd890-b1ee-466d-9a6a-4f2e5bbd4e82","CheckboxLagReq1NoFee":"304f55ea-0971-4df5-a1ef-82077a7ac983","LabelLagos_ReqFm11_RecContainer":"d11ba0a5-f87d-4ca8-abd6-849458f2156e","ComboBoxLagos_ReqFm1_NofTests":"6e03aa66-b220-4fad-87eb-db5b480b311a","LabelLagos_ReqFm1_AddTest1_1":"085bbe47-cb5c-468e-9c18-b7b91dc60dde","LabelLagos_ReqFm1_AmtInUSDName":"fba99884-51de-4088-a28b-8425848fdc61","LabelLagos_ReqFm1_AddTest1":"3f263304-837e-442d-8e23-dbd1185a8786","ComboBoxLagos_ReqFm1_Test1Name":"2fce857a-bdd3-4b2a-a0cf-bd21e7e53e81","LabelLagos_ReqFm1_Test1Cost":"f3e4b331-05b6-4aa6-8aa9-25f844804577","LabelLagos_ReqFm1_Test2Cost":"a1e11e48-3f78-43bd-81ea-875c0755c1eb","LabelLagos_ReqFm1_AddTest2":"d30ff4db-d1c3-45e2-81df-93dc3d393167","ComboBoxLagos_ReqFm1_Test2Name":"131ceac5-ba9b-4f89-b355-93a2289af6a4","LabelLagos_ReqFm1_Test3Cost":"b7e1d0a5-82f9-4475-b677-e92ffa8ab23e","LabelLagos_ReqFm1_AddTest3":"a39e9e5d-644e-4adc-a4a2-990fd77c07a7","ComboBoxLagos_ReqFm1_Test3Name":"c13ddfc9-3574-48f9-a37f-1a750b871319","LabelLagos_ReqFm1_Test4Cost":"8a8b2ab1-4540-4bb5-92cf-f533dc303c16","ComboBoxLagos_ReqFm1_Test4Name":"78a91102-f08e-4ab4-a1fe-4a0a744f3ad0","LabelLagos_ReqFm1_AddTest4":"eecc8816-b46f-4d25-af2a-addb531756da","LabelLagos_ReqFm1_Test5Cost":"2982fe4a-da54-4e46-8ba3-5c2168fb17b9","ComboBoxLagos_ReqFm1_Test5Name":"0df74a0b-6bcd-4477-aeb5-9ff1d0a5f255","LabelLagos_ReqFm1_AddTest5":"31393860-dbb0-427b-a137-e3c6adb2b3e9","LabelLagos_ReqFm1_TotUSDCost":"36fb2a9d-14dc-4664-93e4-375da9d61769","LabelLagos_ReqFm1_TotUSDName":"169986f4-a0f5-43ef-a491-c8bd8d846597","LabelLagos_ReqFm1_NgnEqv":"70eaa878-25c1-47ee-a818-927e001d80a8","LabelLagos_ReqFm1_TotalNgn_Cost":"5f119df8-ed8b-42c6-8bd1-53779ae935fa","ButtonLagos_ReqFm1_Confirm":"415f8dfa-7c4c-44d0-b904-76669a1e5374","formLagos_ReqFm1_FootCopyRight":"9bd36fdd-b04e-4603-9c80-42860aa0d618","formLagos_ReqFm1_FootPseah":"2bb4fed7-5cda-410d-8bae-045ef4dcb861","WelcomeReqForm0":"848a444f-db83-4213-af1d-09ff7cacb7c2","Image_WReqFm0_BckPic":"bcaf23d6-b864-4c1e-b115-f50f4a20867d","image_WRqFm3_IOMlogo_4":"1c23d9a8-88b0-47ad-bcdf-5343e6e0e50b","Label3":"fb4b302a-2264-440d-9c40-e107da2ef477","Label_WRqFm3_MHAC_4":"f6dba8e6-1de9-41d2-9a86-3e4b155ec197","Label_WReqFm0_LTRA_6":"c86ab1c6-44e6-4df0-a1c3-3c8699e4e44c","Button_WReqForm0_GetStd":"b0840fae-402e-4807-a604-2e63c35b9670","Label_WReqFm0_LTRA_5":"9671bfae-7f2d-446d-8605-82b809098729","form_WReqFm0_CpyRght":"752f389f-9574-4aca-a4e4-db4d101bde51","Welcome_ReqForm2_SubOffice4RqFms":"889258c7-25d9-4b41-84e0-fc81748461a8","Image_WRqFm2_BckPic":"63c85b87-b101-4d25-a492-7e3dafcc8829","Arrow_WRqFm2_Bck":"534fa134-9389-4b9f-9798-ec37f397efac","image_WRqFm3_IOMlogo_2":"3a65fa0e-772b-4931-896f-8bedc8a4916b","Label_WRqFm3_MHAC_2":"b0b346f1-4b1e-491e-967e-d9b572908474","Label_WReqFm0_LTRA_2":"a80be084-9fe7-41f8-814b-9961e1686e65","ComboBox_WRqFm2_SbOffc":"ebe2970a-96a8-46ac-92d4-141a6ba47d69","Arrow_WRqFm2_Fwd":"e4403ca7-b89f-4653-9869-6506b4ca2216","form_WRqFm2_CpyRght":"b84460be-bbeb-4c1f-873b-dec28c629f3d","LabLagos_ReqForm2_ScrConf":"751724be-df66-46cf-b794-6f81523b310e","formLagos_ReqForm2_HdTtle":"a3181080-9640-436a-83f5-75d9f9597996","ImageLagos_ReqForm2_backArrow":"c2528c95-cf65-4677-9d5c-b6b2b9bae944","TextCanvas1_2":"4fe54de1-d550-4063-94db-ddc065b5f470","ImageLagos_ReqForm2_logo":"b5139919-1221-4f5b-beeb-e4e4487f7209","ArrowLagos_ReqForm2_Back":"d62d6202-e82f-47f9-8788-40d3fad525de","LabelAbj_ReqForm2_AppGendName_4":"e78b29dd-21cd-4df2-8a5d-cd6139db069d","LabelLagos_ReqForm2_infoDetHead":"550a1571-dd40-4afb-923c-8bb8b068e216","LabelLagos_ReqFm1_MissnRateLabel":"d666ec6e-6d3d-49c9-95a9-1d31b781f7d3","LabelLagos_ReqFm1_MissnRateLabel_1":"14d30296-847e-4c59-8b7b-9495c72299f4","LabelLagos_ReqForm2_DateOfEntVal":"5c1b1bb2-c72a-4b8d-9256-e0d98d0d1f2a","LabelLagos_ReqForm2_TimOfEntVal":"1dbe8adf-94f1-445c-a2ab-e83afdef54db","LabelLagos_ReqForm2_DateOfRqName":"d60f0537-46d6-4107-b074-061c247be49b","LabelLagos_ReqForm2_AppGendName":"fbe258eb-05ea-49dd-9d89-6d4ea6ade26e","LabelLagos_ReqForm2_AppGendVal":"cf0f1881-5b62-4705-8b60-f70235f4ea10","LabelLagos_ReqForm2_ApDobName":"57bf91a1-28a8-4e84-b9f5-cc4202ac7acb","LabelLagos_ReqForm2_AppDobVal":"7752f361-a377-4078-8fde-595e614a520b","LabelLagos_ReqForm2_MimosaIDVal":"80af28c2-5774-4707-a660-5cfbc0ee7c07","LabelLagos_ReqForm2_MimosaIDName":"7a92f8e3-6d29-4aef-a9b6-1d3e1ee97f5b","LabelLagos_ReqForm2_LastNameVall":"a57dcc81-10d4-463f-97b5-e47953e38b4d","LabelLagos_ReqFm1_Surname":"ec2cb917-2935-4f5c-9763-690552736c94","LabelLagos_ReqFm1_FirstName":"3354bddc-4e81-4f5e-9c4f-7e6bebe51a47","LabelLagos_ReqForm2_FirstNameVal":"8efbaa0c-dd2f-4c3b-9045-b1564feda0b1","LabelLagos_ReqForm2_AmtInUSD":"83ad6711-8bc7-429e-9982-fd7d69ab4c40","LabelLagos_ReqForm2_Test1Name":"bdebaf8b-1763-49cb-8550-5786de9bb970","LabelLagos_ReqForm2_Test1Cost":"3a7cb1c6-9f96-47fc-835e-925f5ed930bd","LabelLagos_ReqForm2_AddTest1":"22e85cc2-bc2a-4b42-bddd-21d7619032b1","LabelLagos_ReqForm2_DestCounName":"e20c26bd-10e9-4e96-9520-89ece12fc7f4","LabelLagos_ReqForm2_DestCounVal":"df64cfe3-ca9d-49bf-a151-9ba56b3cab23","LabelLagos_ReqForm2_AddTest2":"d3ef5854-a604-4929-897e-eb027cff93f4","LabelLagos_ReqForm2_Test2Cost":"e912c5d1-6883-4fe0-a3a7-e80ba2b05519","LabelLagos_ReqForm2_Test2Name":"32def2ae-96bf-459c-aa4b-be71a5925d9f","LabelLagos_ReqForm2_AddTest3":"bf1c9927-0603-4e8c-b817-f578978b5722","LabelLagos_ReqForm2_Test3Cost":"d870f8ad-8540-40e2-8865-2cab6b78d4aa","LabelLagos_ReqForm2_Test3Name":"55dea087-ce50-415d-8a82-442a7b03d746","LabelLagos_ReqForm2_AddTest4":"fa79684f-f148-4de5-9905-568518b624fe","LabelLagos_ReqForm2_Test4Name":"6c189ef0-4498-4096-879f-0e22db8e9c42","Label_Lagos_ReqForm2_Test4Cost":"f331644b-424f-48dd-8fd3-e64a07c740b5","LabelLagos_ReqForm2_Test5Cost":"332e5774-cdcb-4855-97be-f0c2e095b6f9","LabelLagos_ReqForm2_ReqDocName":"bcb60121-062a-4ee2-b9f9-be8a52d08ef0","LabelLagos_ReqForm2_AddTest5":"c5b08fab-8762-45f8-9872-821fe18afcc6","LabelLagos_ReqForm2_Test5Name":"fa90a5d1-c1f2-445c-b923-02276d415dbe","LabelLagos_ReqForm2_RcpDocName":"1b96d2cf-0149-45bf-8576-55470eff9b54","LabelLagos_ReqForm2_TotChgUSDName":"52ee0abf-dbcc-4679-af04-34af4abff239","LabelLagos_ReqForm2_TotUSDCost":"0d5b3576-b106-4646-b782-64fbbab08b5a","LabeLagos_ReqForm2_NgnEqvName":"9c8f60db-f98b-4fa9-a4e5-857c6ed99bfd","LabelLagos_ReqForm2_TotNgnCost":"49d3e4d1-aadb-4eb6-8440-f055fc231d4c","LabelLagos_Req2ClntMadePayment":"3bc6bade-5b20-4a36-9c9d-c2517fd34d9f","ButtonLagos_ReqForm2_Subt4Insrt":"36336c8f-ec72-4994-aac4-ea1249658f64","LabelLagos_ReqForm2_SubmitAft":"307b0a7e-a110-49d5-a4a7-9d25d7360ba4","formLagos_ReqForm2_Copyright":"ea700527-1fb3-4039-b910-84eaeb770d38","formLagos_ReqForm2_PseahFtr":"2d5464e4-1f82-46cc-be60-559511ed7019","LabLagos_ReqForm4_ScrSuccess":"a443839c-92dc-4c97-8594-d0d505281c35","Image_IomLogo_2":"77905abe-c89d-46b9-ba99-154b506f29e0","TextCanvas1_3":"6437d24c-5b47-4f42-bce6-e58511fddd08","formHeader_4":"1e31b9f1-2e87-4905-b6a5-0f6444070741","Image1_3":"c5878d3e-1ed9-4b6c-b993-b9ecd6466b26","IconCloseReceipt_2":"65579c7c-b02c-4eaf-931f-615dc9c76deb","Icon3":"9afe17ed-e514-473d-9b9c-881d91d834c2","LabelAbj_ReqForm2_AppGendName_3":"5068f199-f81f-4639-86a3-e1580db8e648","Label_InvoiceRefLabel_6":"ca00a796-2efe-4f44-b905-12826030e45b","Label_InvoiceRefNo_Value_2":"b36bf43e-b32b-4cb7-ba24-b6023d969b90","Icon1":"0885b111-78d0-4fbf-96c6-03d47c404f84","Label_InvoiceRefLabel_4":"d6359e0b-10a9-4f08-9032-1fd56f66c5f7","Label_InvoiceRefLabel_5":"3318aa20-facb-4023-aa2c-9491ba5f636e","formHeader_PseahCall_7":"c9b1e626-daf1-4f67-9b29-34690c006ee4","formHeader_PseahCall_6":"66782db0-3b81-4795-99ff-73b44496d112","LabAbuja_ReqForm4_ScrSuccess":"5c2f9927-9103-4ae9-a797-90e3c799febd","Image_IomLogo_3":"e3019c4a-9e49-46b2-9bc4-86e85feedce4","TextCanvas1_8":"dea62e1e-af3b-451d-b4d0-6fcb75510f5f","formHeader_5":"34550714-9f30-4e09-bf76-b7d6dbc5357a","Image1_4":"efbcc8fa-8c4a-4385-87b8-65cc9d05fd0b","IconCloseReceipt_3":"48ec0b32-92c1-4943-8f7b-ebbbc3cac5a3","Icon3_1":"d24cb55c-6a1d-4175-a486-1f693992fbfa","LabelAbj_ReqForm2_AppGendName_2":"25f983d6-a733-48e9-b7fe-a1a923cb27ba","Label_InvoiceRefLabel_7":"141b2a6a-b222-4d98-ad85-43e5dc316771","LabelAbj_InvoiceRefNo":"ca75ad0b-08f6-442c-a84a-c8c09f106db4","Icon1_1":"ff0c5b2d-c541-45e6-ac13-3cf19a5d3053","Label_InvoiceRefLabel_8":"79e0237d-1b30-427d-b56a-9b7367dfb990","Label_InvoiceRefLabel_9":"48209b8b-906f-48f9-805b-6e675c4cfe41","formHeader_PseahCall_8":"a5e6fa5c-c76c-472b-b96f-068a660bceea","formHeader_PseahCall_9":"755c76a0-b922-4403-bdb0-715ed71cf4b6","LabAbuja_ReqForm4_ApprovalPage":"9050938f-3a36-4809-8ab1-7d4b49bd885b","Image_IomLogo_10":"e7e5ded7-08ce-41da-93fd-7e340cb7228f","Image1_11":"6890f0f3-a679-47b7-be65-e6e3bd430650","formHeader_12":"14fb51bf-2677-4b7a-980c-7540b7bb59a6","TextCanvas1":"414fc0de-9e72-4661-918f-716ac871ba3d","IconCloseReceipt_5":"f454f5dd-55fd-4924-9ee2-fa47bfeebbd0","Icon3_3":"cbc16b46-53b6-4500-a01b-b72bf0aaf3e9","Label1":"41b2805b-c47c-4843-8dab-1b77681d7410","GalleryAbj":"a3837d83-b72d-4e28-902d-25cd6696398d","galleryTemplate2_1":"33d5927d-6f42-4ab6-9b79-d9b8e506f9bc","Rectangle1":"4a23f5f2-a68a-43f7-b8a8-75e53252bd37","NextArrow1":"d8c7523d-96ea-437b-ba9a-d9408502b55f","Title1":"23edb9cc-7211-4410-bee5-2779b3c979d3","Subtitle1":"e7c35dbc-894c-4387-b2a4-d0dd43eab5e3","Body1":"914ef347-9d9a-45ca-82dc-691b28e1a559","Separator1":"a92a4ffb-9170-46d3-ba8f-dff022482eef","Form1_5":"09dd9558-5ab1-43a9-a2c0-d7f8fb322e44","Dateofreq_DataCard3_2":"80fcc656-a8fd-4cbd-8f9f-721ae72d4b4a","StarVisible42_2":"fed134bd-3394-4600-90b5-a5dd03f4ec6d","DataCardKey42_2":"55c3fdab-b67a-41bf-a939-7879477c12a3","DataCardValue1_2":"1d5e2d62-bf98-4551-9abc-a0745219923a","ErrorMessage42_2":"7d038b1e-f10d-4f14-9847-5ceebd41cc86","InvoiceRef_ID_DataCard3_2":"3822351f-2618-4dea-9cd6-497218142a92","StarVisible43_2":"f8f5a6df-4636-4e27-bc11-0e88b87ed512","DataCardKey43_2":"051c7388-bc32-4163-bfad-f2eea4ad8960","DataCardValue45":"c326aa5f-846e-4f9e-9cbb-4db38244a27b","ErrorMessage43_2":"86f08971-99d0-44fe-81fc-da4f9c04f154","reqDoctor_DataCard3_2":"de8c3ae7-19ee-49ab-9e23-b7ae069046f6","StarVisible45_2":"9a3765f3-99c3-421a-9ee7-84202fb1f5e9","DataCardKey45_2":"8cd21625-0afd-4404-aeae-9b0ff07fe107","DataCardValue4_2":"a52622a8-63d2-4b5b-afc2-a4406e69d1ce","ErrorMessage45_2":"961a572d-b477-4b18-9aa0-520ba41b1f45","Approval_Stat_DataCard1_2":"4725375e-f7ff-43e2-ba14-d7668d38a987","StarVisible44_2":"7ff4106e-966d-42df-a8ec-074e415c2908","DataCardKey44_2":"1f65a692-a958-4956-9e3b-90a9fb0f6e01","DataCardValue38":"28ced9f3-72c5-4030-85c6-cd876404ddb2","ErrorMessage44_2":"00e4c0d9-ec5b-4a23-be72-5cefdbf1ae5d","FinanceConfm_DataCard1_2":"2e7e32a8-fc69-46da-b198-c46a5e83f655","StarVisible10_2":"d021aba1-a496-4eef-bfc2-2c5850795815","DataCardKey10_2":"31535b75-f6ff-4c57-b729-d088b8b323a4","DataCardValue27_2":"ce00ecef-d8ce-459d-9174-baf59bdc95d0","ErrorMessage10_2":"cbf142db-04e7-44a3-aa7b-237f257b15d8","LabApproval_DataCard1_2":"252d9bef-d3f5-466e-9fbd-1ec3c0830da6","StarVisible12_2":"f7530dea-1e09-4e9b-b9e4-83a8fa962a4c","DataCardKey12_2":"ade551c6-4f27-4a9c-901b-6d877a07a8fb","DataCardValue28_2":"1b69599c-d3a4-45e4-8d66-6a70ed47bc5c","ErrorMessage12_2":"915359dd-368d-496f-80bb-bc7d8134d110","DateFinanceCfm_DataCard1_2":"439c7d10-2b39-44d1-a104-33eb0c1527b2","StarVisible13_2":"6a902b9c-dbdc-490f-9434-b8da5cfda21b","DataCardKey13_2":"6dcb4da8-5935-4924-a5b9-625c4cebcbb2","DataCardValue29_2":"b358a3fc-e3e8-4c71-a1b1-ff236b7673c1","ErrorMessage13_2":"3fdf2384-215d-4870-98a5-fddb211f533f","DateLabApp_DataCard1_2":"9adb8232-727b-42e4-bb07-ee4e5614348a","StarVisible14_2":"a3f01434-abd5-4548-8cb8-b847b50e4322","DataCardKey14_2":"5f52abd4-a841-431c-b520-98045b2bf4da","DataCardValue30_2":"32b99300-0a69-4df6-bb04-b85c742bbeae","ErrorMessage14_2":"64aae15f-8100-46c8-809e-73281ff49e8d","DateReview_DataCard1_2":"f1b9d0c0-60e8-48c2-9564-aca4fb246f96","StarVisible15_2":"f9c1a562-b8b0-4a9f-a0d7-9f8d8e040bc6","DataCardKey15_2":"891eb0e1-ab39-4e50-9f36-91dc309abf85","DataCardValue31_2":"73dd8252-0c48-4356-9033-0bfe03092980","ErrorMessage15_2":"8b3d9c4e-97ca-409c-9807-f7ac9cb80ebd","ReviewStartTime_DataCard1_2":"9a718e1e-c9b1-40dc-97ea-c74d6fb63f3c","StarVisible16_2":"7dc6599f-80a8-421e-b032-f664df562b03","DataCardKey16_2":"f2d919dc-fefe-445f-9c2a-f744e20da722","DataCardValue32_2":"f0e54acc-9290-43d5-8d37-be0f524061c2","ErrorMessage16_2":"a3007975-d9f8-4abe-9c6c-d184c11c5d4f","TimeofApproval_DataCard1_2":"c5426eeb-4726-4c81-b6c9-d843a00ac2a5","StarVisible17_2":"1d9a5dc2-c03d-4276-a149-069c4a5ac674","DataCardKey17_2":"c2b4950f-92ae-4555-9428-0a3e78ac7080","DataCardValue33_2":"76610469-23f7-4da4-bb8e-70cb9214c4c5","ErrorMessage17_2":"39807c97-ffc4-4db8-8cf2-f30e41c84602","TimeOfPaymentConfrm_DataCard1_2":"6b7d1d2f-f327-42de-808d-e44470b98f8a","StarVisible18_2":"103107b2-b70c-44ac-a0bd-585819ed60c8","DataCardKey18_2":"40f4fc21-7f1d-49dd-8c84-39161bdecbb9","DataCardValue34_2":"d701c311-8b66-4223-a5be-e70a24f59f6c","ErrorMessage18_2":"8c9fba5f-4b2a-42a4-803c-7071a384f6fe","ButtonCanvas2_6":"a1b34d17-65dd-4096-b13a-4e7655368720","Label2_3":"98ed6cf6-435b-4131-b55e-d618af613c6d","ButtonCanvas2_8":"1dd84477-238a-44f2-b486-86b493bb9fc1","ButtonCanvas2_9":"0f71c77b-ab70-4124-a444-dd707174acf9","ButtonCanvas2_7":"6b64d50f-4055-4869-a41f-48b5d5f6815b","Label2_4":"2c67910a-d5b2-4314-972a-ef1ecbd6076a","ButtonCanvas2_10":"26487169-dfe1-4ae6-9a73-1eaf12323f9d","ButtonCanvas2_11":"96cc5fff-06aa-44ed-87b7-539a6da856cd","Form1_3":"b87e3363-c261-4853-b87d-1eeaaf58a4d5","MissionRate_DataCard2":"4c4e66a8-af7f-4026-975c-c14a5136b48a","StarVisible21":"f01a74e6-12db-4023-8a65-aab8e9a5eb0d","DataCardKey21":"dd5fe057-3e9b-4677-a06c-c69c0b13bb08","DataCardValue37":"c664d7c0-8641-4546-ac24-f566b2042735","ErrorMessage21":"406daacf-1bcd-46f3-8482-95bfc23e6420","FirstName_DataCard1":"37c49249-64e9-4278-aa5e-a081e8006d98","StarVisible40":"1ace5728-0ee3-43b7-a7d2-95e09b0606c1","DataCardKey40":"b516849d-e1d1-442b-a03f-734283411dab","DataCardValue70":"488ec0a2-ef9a-45bc-be4e-e2385cf2386f","ErrorMessage40":"1a80a79b-e8ac-4763-88d1-8dec03f69245","Surname_DataCard1":"0b43dd44-77eb-4d28-9ef4-6b8b1d53e134","StarVisible41":"59ece776-1d1c-420d-b3b0-044c36dea40a","DataCardKey41":"949717e8-463a-4547-8c8e-a0379dd6289b","DataCardValue71":"d0c24f61-e089-4da0-930d-b97be5cfbadc","ErrorMessage41":"a91317db-087d-429f-96c5-a3201d756fdc","Applica_dob_DataCard3":"3a0500e8-6e3f-4590-8f36-d5209de7864f","StarVisible70":"366109cc-9bcf-472f-9e44-ff44908efca8","DataCardKey70":"419fc117-853c-43b7-bafd-3642d30e2d3f","DataCardValue72":"ade7bb0d-c947-44f8-a2fa-a8a7f72e464c","ErrorMessage70":"ad691370-cfc5-4329-9bcb-016c3697719a","Applicant_Gender_DataCard2":"8d95f23d-8950-4b5c-93e0-f2ced9c8584e","StarVisible48":"22532f30-cc2e-423a-860e-fa92effbfa20","DataCardKey48":"67267485-00d1-4423-9838-6aa1fc60a46c","DataCardValue48":"5c5a52d7-40b2-48c4-b4de-8a3548aa40c4","ErrorMessage48":"2fc4eb44-6c10-4518-9259-fe79b3dbfe65","Applica_dob_DataCard2":"2b47e8c7-8cb6-4e04-bf39-2cd704ec8bef","StarVisible49":"e8e23c16-a799-43ad-a959-698fd53263bb","DataCardKey49":"e7f743f7-be98-4ed1-92d7-0bf2f5ad397b","DataCardValue49":"b6c79e4a-6082-4a52-974e-bf1f66e00619","ErrorMessage49":"a329818d-0ec1-4d9d-92a0-c85a22a943cc","add_Test1_name_DataCard2":"623a0a94-023f-4eed-8be1-cee6d6ad5a69","StarVisible50":"af933065-0b46-4a43-af9e-c021a0c295a6","DataCardKey50":"4f980024-c868-49d3-96dd-f67c5fc61c87","DataCardValue50":"b82a6aba-c916-4f9b-9670-1f7fb3d2200b","ErrorMessage50":"335f09b8-adff-4124-abee-4eb525f995b8","AmountTest_1_DataCard2":"01a3f6a6-063c-45fe-b0f9-8b5b18f6d7e9","StarVisible51":"11c0f1bb-6fe6-4f2a-8994-929e3a51bbfd","DataCardKey51":"85278b18-c2be-4449-a9a4-19f9eeefb16f","DataCardValue51":"43d79cab-df60-494a-a10b-12daab56957e","ErrorMessage51":"2633fc52-cf4e-4b17-a81b-2f22bae3112e","Dateofreq_DataCard4":"6de0d155-c038-4379-bcdc-f2774d734282","StarVisible52":"a14a4155-c4f7-4a4c-b1d2-09ed9ddbc574","DataCardKey52":"0b8ce401-6396-4578-9ae8-24f21862d646","DataCardValue52":"6b81cf2f-6deb-4c90-a209-62ed6406b6d0","ErrorMessage52":"05205311-8845-40f9-9dc9-8dc7ad3bcec6","TotalUSDAmount_DataCard3":"85ddcc00-63b2-4228-be8b-89bffed2bce9","StarVisible53":"9f0ef8e1-46b4-4ec8-b8b8-74d12d2a7b34","DataCardKey53":"0f2ad40c-543a-4fbc-87be-90afb1716d97","DataCardValue53":"1258e803-e66b-47a5-8d34-984148523b6c","ErrorMessage53":"1ef837cd-0c08-42da-af03-f829cbbc90e4","TotalNairaAmount_DataCard2":"65e152eb-f114-4c92-81db-a439f2334e4e","StarVisible54":"e434424d-3232-4b62-901f-720fc603638c","DataCardKey54":"74b80816-d099-4ddc-8516-0c1857554de0","DataCardValue54":"0f9099c8-3edf-4a17-a272-f0a6811dc15a","ErrorMessage54":"d12af035-0db4-4d0e-a386-d7435cbf2ff6","reqDoctor_DataCard4":"cc9bc308-aa1f-41b3-940f-f3cb9f2b8e25","StarVisible55":"320ec6c6-b4c9-4753-8d95-7803e0a78901","DataCardKey55":"07f5db9c-44cb-47d7-80d7-26bd30c5909c","DataCardValue55":"a4ccb787-6daa-4050-9825-e845b66d05e4","ErrorMessage55":"51872261-86be-47b6-a4fd-f4ce6c0f770e","Approvl_labDb_stt_DataCard2":"1ad2c5f9-6e06-4482-989f-9eb84716603c","StarVisible56":"229ccba2-211e-44b8-8914-5515a7e4e0b1","DataCardKey56":"c1ad5b13-50c1-4ebe-b3d5-511757b41dda","DataCardValue56":"b45fb4ba-bfe9-4a48-ab61-013a829ecf28","ErrorMessage56":"022af5c7-0d54-4d87-92d9-0d8c93924ed2","Title_DataCard2":"e6b2f333-8d03-4bf4-a194-29755467cad9","StarVisible57":"fc13d6d5-3001-47c7-8681-8e00ca3bea3b","DataCardKey57":"79fd67f1-2fd3-4380-b462-c474ce9581fe","DataCardValue57":"bf41b62c-d3f1-4b9e-a3e3-c9cef2c1e186","ErrorMessage57":"04bc3e28-da9f-457f-8e66-23d4651ca7d3","mimosa_id_DataCard2":"0f235707-7421-4d80-b840-7c0e3227f812","StarVisible58":"fd6b13c2-6908-45c3-a406-6004ee3f2c4b","DataCardKey58":"72c48a7f-0aa0-4aa5-9aba-4a2947d8eeab","DataCardValue58":"f1f81840-2d34-41ce-a3ae-ba2592c71cfe","ErrorMessage58":"b4fb7f14-a84a-4ef8-a320-b8131e996114","add_Test2_Name_DataCard2":"2cbc16bd-cceb-4e2d-82c5-a17528c1f50b","StarVisible59":"b2f027c6-30a3-4945-a08a-9e9b29971f0a","DataCardKey59":"a8a46b8c-0d36-4af5-bc70-4353d8d68499","DataCardValue59":"e433b6d4-10d8-4b88-9266-24b0fbed62bf","ErrorMessage59":"e4b24236-a7eb-40ef-befe-62f9471a7e75","add_Test3_Name_DataCard2":"13253163-988e-4191-965e-bf77b8937214","StarVisible60":"22c6e90a-85ef-4d00-897e-65975e2c503a","DataCardKey60":"b0243bad-f59f-4479-a7b5-9c75189216c1","DataCardValue60":"182f8d87-d726-45d3-a215-4063e8de9020","ErrorMessage60":"51ea8eeb-0622-4971-835e-d20fc6c63a32","add_Test4_Name_DataCard2":"aff38c49-e1d8-4fb7-ba11-226fc1e9a5d8","StarVisible61":"d5451766-6f3d-4e1f-b19d-d33110371c88","DataCardKey61":"aa7a6c0b-9e16-4e7a-926d-74ca7a98fd1c","DataCardValue61":"bc897718-ce20-41ba-b652-be8256c67c1d","ErrorMessage61":"d13c634e-6ec9-4319-9191-469d05be9383","add_Test5_Name_DataCard1":"966c2c42-b73b-4c85-ba28-895bfbed94e2","StarVisible62":"f357d06f-cfdc-4661-9f7b-1a3b873141a3","DataCardKey62":"16c866ef-6149-420e-bab7-4d5c2c19688a","DataCardValue62":"b8598370-45b5-4721-b419-a48bba875f01","ErrorMessage62":"26408541-24e4-43f5-9c4b-4b8e2186096b","AmountTest_2_DataCard2":"044751d1-29fb-4ec9-9365-b483f85ec21b","StarVisible63":"daf76b9d-7944-49e1-9384-b1dda7b675da","DataCardKey63":"bb7b9602-6ce0-405b-9a87-d18609bf69db","DataCardValue63":"0ed0dc0f-7c59-4582-ad03-7c0d8e3c3d78","ErrorMessage63":"d3d49d98-ade8-4aea-9af5-bf903208e74b","AmountTest_3_DataCard2":"69ac93b1-a1ea-4bf8-8270-d16d07473fad","StarVisible64":"4cb7edc9-4d18-4b36-ba21-3bba6df3895a","DataCardKey64":"19cefad4-22c0-476c-bc47-db07fb0ea929","DataCardValue64":"e5f9e238-7c82-4503-bc12-fbc1a1731ff0","ErrorMessage64":"1b658849-4745-4633-b3c9-66120eab835c","AmountTest_4_DataCard1":"9ed08d11-1606-462d-981a-199b3c1c88e3","StarVisible65":"2eba3225-b47b-4cf7-95b2-b834681bf484","DataCardKey65":"285295be-ee4b-411d-b520-1636e0d86c81","DataCardValue65":"a3eac4c3-1010-4431-99ac-8615cf2f2d11","ErrorMessage65":"4ba21806-6896-4f02-b217-a2ca32d8a662","AmountTest_5_DataCard2":"8ccb95e2-472c-474c-8885-b7fe062bcb98","StarVisible66":"c256cbbc-8e29-4c59-90e2-71780d40d060","DataCardKey66":"4433b160-f52e-4cef-a2bd-01838db24d0f","DataCardValue66":"0b91c0d0-5372-40e0-8d0d-9b59283b9cde","ErrorMessage66":"c12de7f2-d51a-45c2-bcc5-bac1844121ea","dest_country_DataCard2":"7dc2b422-7354-4eda-b9b5-7b60771477e9","StarVisible67":"e1d4259b-bea1-4279-9c07-57abe2f419d8","DataCardKey67":"afea9502-04bc-4781-b920-80073a9e055c","DataCardValue67":"c2bbadd9-e62a-4c4e-b353-e111f3b00c28","ErrorMessage67":"b5265fe8-c597-4211-81f4-b50cb9291b29","InvoiceRef_ID_DataCard4":"33808ec4-11b4-4a8c-a976-4158b6b72f04","StarVisible68":"3347764a-1adb-4d87-ad40-63d277ee58a7","DataCardKey68":"2bfd3443-241a-4af2-92a8-3d1ff625719a","DataCardValue68":"787d6c71-2b2f-45ac-91ba-d0b293cce9f0","ErrorMessage68":"ddaeadf3-981c-4cc9-8686-9245f68f397d","timeofEntry_DataCard2":"39c88036-7c20-4ed0-ad89-6c18de0360a9","StarVisible69":"092e3906-b294-4b0c-b104-816e1722ddc8","DataCardKey69":"1f33dd16-f7ef-4ab5-a5b2-0ecb08e0eaad","DataCardValue69":"a2e3ac3c-371c-4b13-91d3-9e54421597da","ErrorMessage69":"585ed80e-1f8d-4732-a06c-fd6c5704329b","formHeader_PseahCall_22":"e134bd31-add1-4f08-8352-0399914ec153","formHeader_PseahCall_23":"a030cf8c-4db5-454d-a6fd-f907e07b27c7","LabAbuja_ReqForm6_InvDet_ApprvPage":"99fe0637-0522-4228-97da-df5afb840fb2","Image1_7":"997c7604-4f23-454a-aedb-ab9bc802d3d9","Image_IomLogo_6":"720b75ff-472b-4cd6-8bd4-e4ef16106380","formHeader_8":"cf38bcd4-200d-4664-85b9-26983e2ef888","TextCanvas1_9":"744dcb59-6244-4a3d-80a5-ec4541912a4b","IconPrint_5":"bccf2500-d309-4a2e-a00b-2e3524bc37a3","Arrow2_1":"f0f9e766-90c7-4283-9a4f-641dac2460d2","AppInfo_6":"27427e9c-9443-4162-898c-fedb55d7f80d","AppGend_10":"ea129e62-d17e-4724-a93d-0237e336fc50","Label1_5DateOfRq_17":"0ccae59f-5e81-4474-8644-81df4a10340c","Label1_5DateOfRq_18":"06e805de-6b3d-49be-91c6-e98d90e28db3","AppGend_7":"d945cd29-6f7f-4329-8dab-9d551d374950","LabelLabReFrmSchGender_2":"330bc06a-6c4b-456a-ba09-9a5430dee9c1","Label1_5DateOfRq_6":"9baef91b-ee16-46e1-8c5d-6e0629640928","Label_Test1_Value_78":"c28c92b1-8c93-40e6-8a8b-00db47b515fb","Label_Test1_Value_79":"1536348a-5c68-4c1f-816a-33f01ac47cdb","Label1_5DateOfRq_12":"8403eb6c-e2fb-4f1d-aed9-95797c204f42","Label_Test1_Value_100":"57c9ecbb-f7d0-4384-9130-bc51717bba53","LabelLabReFrmSchGender_3":"c8743005-9c22-4f8b-9cc7-2ba54f998509","AppGend_8":"773933e3-bd49-4f90-ba3d-dae5ae6ee976","Label1_5DateOfRq_13":"91e4877c-c533-4e82-95a4-be30346a2b96","Label1_Dob_6":"069cfb31-b222-401a-8e95-a519c7ee5752","Label_Test1_Value_80":"9fafe950-1c4f-43fb-94ce-e6f17b926005","Label_Test1_Value_101":"4aaef848-3713-4a2d-b6b3-bf2996519b08","Label1_3MimID_12":"a3905c24-76b6-4806-923d-8ac7c053fe93","Label_Test1_Value_81":"99bc696f-b0ff-4e1f-ab5f-c799f545683a","Label1_5DateOfRq_14":"8efef758-7b0f-45e3-a13d-49998538010a","Label_Test1_Value_102":"eaea0b1d-37eb-464b-b906-d2b96bf26f8f","LabelAbjRqFm4_Surname":"8c82895f-3c67-4c1b-aa57-02437245a336","Label_Test1_Value_107":"21941f6f-f572-4f20-9f58-34443fbf9dc7","LabelLagos_Reqfm6ClntMadePayment_1":"6ab289f1-53cf-48bf-b00b-88f4164a4c5f","Label_Test1_Value_108":"18e4a0ac-ac7d-420e-915f-cfcdbb29a7ed","LabelAbjRqFm4_FrstName":"c7d3dded-c699-4b91-bc8a-e36083803ec6","Label1_16":"fe4f210e-71b2-468f-996f-185a361d7f43","Label_Test1_Value_83":"9ef1ec15-636a-455e-8d0f-bf05e648fdf6","Label1_4_AddTest1_6":"45a40e97-92b2-4c8f-949a-6c5e6d9da008","Label_Test1_Value_84":"2695fe57-e306-4f31-8ab7-4cd6bd3aa66d","Label1_3MimID_13":"02bbe6ee-1a17-47fc-870f-242791c8ab2b","Label_Test1_Value_82":"7c0c5a4e-2b34-4867-9636-6a9f6d9d4455","Label1_8_AddTest2_6":"62d2b8db-4aed-422e-adab-590155095100","Label_Test1_Value_85":"00165796-7215-429a-9e9a-88f47c16927a","Label_Test1_Value_86":"aed00dcb-f6ae-4e9e-80d4-e8693235a856","Label1_9_AddTest3_6":"89fd0136-609b-47a0-980e-68b96e725637","Label_Test1_Value_87":"5d3783a8-78de-4c08-aa89-baa82de7c087","Label_Test1_Value_88":"eab1e103-9ec6-4a99-a1f3-1331ac7b93ca","Label1_9_AddTest4_6":"ba968346-8b73-4d08-8067-da5f74d1654e","Label_Test1_Value_89":"3ccbfa7e-aeab-4216-8269-16b75ff8cb43","Label_Test1_Value_90":"1ed9c315-13e3-4e1c-aec3-038f324d7b4d","Label_Test1_Value_91":"bf292538-c869-4fdc-a2b5-350634a8f76a","Label_Test1_Value_92":"b0d19d9a-fe21-4cb0-8b97-c9171099319b","Label1_9_AddTest5_6":"95f7508f-2e44-4205-bb2a-6200b308ec29","Label1_1ReqDoctor_6":"70a7fa56-4af1-4315-bdd1-baf704618d52","LabelTotalChargeUSD_6":"9d118f46-bf19-4d36-b96c-406fffbcb7fb","LabelTotalUSDCost_6":"74202599-872d-4c52-805c-7195d1afdbdb","LabelReceiptDoctorName_5":"2bbe29f3-005a-4032-bc2d-292e22756500","LabelNairaEquivalent_6":"0281e6c6-09b2-4ca8-90b5-ffcc70e14041","LabelTotalNaira_Cost_6":"90e48906-887f-4a67-a256-db29ba52b0f5","Label1_5DateOfRq_15":"e1a52c97-2f4b-4c7c-a53c-7cbe5d61b02d","Label_Test1_Value_103":"5a2715a1-a1d3-4d84-8e65-d1f87891a306","Label_Test1_Value_104":"913eb922-3682-4689-bce0-6e7dfac7c6b2","Label1_5DateOfRq_16":"6a74ded1-9420-4a72-a493-f2d7e0f34863","Label_Test1_Value_105":"17411151-e4f3-439a-9fd0-131f06ef0ca6","Label_Test1_Value_106":"36ffb3b1-d9f8-4db1-adf5-0bf12e73874a","formHeader_PseahCall_14":"72e0419b-9992-4061-afe0-c937ab31e73b","formHeader_PseahCall_15":"82aeda0c-999e-4002-bfdf-85e40f6a538a","Welcome_ReqForm2_SubOffice4DshBrd":"a3342d18-beb2-4d9e-8aa9-a0b79ae02e7e","Image_WRqFm3_BckPic":"b80e24e4-c201-4561-bea9-173111307cb2","Arrow_WRqFm3_Bck":"eacfeb9b-6fb7-44ec-ac6a-edddd13165f6","image_WRqFm3_IOMlogo":"f1f94588-e50c-4847-a814-28d92b00d973","Label_WRqFm3_MHAC":"ba4aa3af-4e9a-444f-878f-cebd8b49f774","Label_WReqFm0_LTRA_3":"cb117ba4-866a-401d-9613-9dfb47f7efc1","ComboBox_WRqFm3_SbOffc":"a0675758-ad2d-44f3-8849-d6a82c5f7b08","Arrow_WRqFm3_Fwd":"b002bc0a-7f7f-432e-a4a9-fa886c5a7b2b","form_WRqFm3_CpyRght":"61d28f30-2742-429c-83c5-7223b6debec1","LabLagos_ReqForm6_InvDet_ApprvPage":"3daaef10-dda9-4ea8-a82c-0f1ee47d6d37","Image1_6":"42d6a442-f70b-4b4d-8e7b-bcaab624970f","Image_IomLogo_5":"20cb73f2-abd8-41a4-9bc3-7f02d0da9c61","TextCanvas1_5":"69a34810-190e-41bb-bb85-cedad99aa779","formHeader_7":"5b572e14-c4b3-449a-8b54-b3b120ae3459","Arrow2":"ad25d04c-574a-4eca-b22a-63e04222b66c","IconPrint_4":"e0d05870-082a-47bc-a2fc-554ba863634d","AppGend_9":"ca32343b-e2b8-4794-863e-478521cfa273","AppInfo_5":"f13f3395-077e-4f00-80e6-350230e50379","Label1_5DateOfRq_19":"c00e124e-d3d0-4b96-a1c2-bcb95a56b9fb","Label1_5DateOfRq_20":"fe3c10d3-0883-46d1-8efd-8e90c8775d16","AppGend_6":"d5a2e395-bd76-40a3-a3f7-21c291a1e399","LabelLabReFrmSchGender_1":"c887da47-e77e-4a32-b205-c4569c950fa3","Label1_5DateOfRq_5":"b70260f8-7ff6-4ba0-be87-3c62c0bb6f33","Label_Test1_Value_77":"0af6ef61-03f2-4c01-9642-0013b0f9862b","Label_Test1_Value_63":"ecbdf194-148e-408f-b4d7-211e83efda5f","Label1_5DateOfRq_7":"28676237-a73d-4ca5-8168-a23f70855bd5","LabelLabReFrmSchGender":"fbf760fc-9d60-4d6d-a702-15cc77efad4e","AppGend_5":"cb5c62ce-ccc4-4d0d-8e6f-e2aebf10ff3c","Label_Test1_Value_93":"c832801e-5702-4866-9949-3782f358322f","Label1_5DateOfRq_8":"b4934d72-4c6d-41f5-84c3-8ce0e444bc5f","Label1_Dob_5":"305189a2-8d61-4d6c-a5cd-d9fa54f58778","Label_Test1_Value_64":"9cb5f1a9-6f73-4d21-a5c1-dfa4be0626c4","Label_Test1_Value_94":"9fe929c9-89bc-4eb2-ae97-d7c539016bef","Label1_3MimID_10":"58de2209-2abf-4844-b7b8-460eb69de955","Label_Test1_Value_65":"202ce131-02ad-4687-97b4-5573805c7c37","Label1_5DateOfRq_9":"65a1b96c-fd6c-455e-8f25-9c5d6152e2cd","Label_Test1_Value_95":"c2c049c5-f4d0-436c-b151-0a070cb63a4e","LabelLagRqFm4_Surname":"f3db59e9-20b8-4653-bdc2-5b6081a5cd0a","Label_Test1_Value_109":"429f5cc8-3152-46cc-a6d2-442f4215a97c","LabelLagos_Reqfm6ClntMadePayment":"d77d68e8-a743-46d3-b33f-41284253088b","Label_Test1_Value_110":"e7b561ba-b31f-4aed-841f-9b3fd08a58cd","LabelLagRqFm4_FrstName":"1d961c59-f006-462e-ac43-b27f1fc219b1","Label1_15":"1e8a81e3-fac7-4550-82d6-09a2dc1d7cd2","Label1_3MimID_11":"7923899b-f188-4207-a1e9-2727a84e34a9","Label_Test1_Value_66":"fc2983e3-0b17-4973-8be5-f0540c1ba6c5","Label_Test1_Value_67":"f1a21843-cfcb-4bdf-8774-930e41fd2961","Label1_4_AddTest1_5":"6b836cb9-ab34-487d-854f-25237200cd6c","Label_Test1_Value_68":"3c4b9600-9deb-401b-8bb7-e8f032757936","Label1_8_AddTest2_5":"d16dd592-84c0-4e9c-8392-835c2ca2a6bb","Label_Test1_Value_69":"7bceb46b-58b6-4b17-af14-039085f3d20d","Label_Test1_Value_70":"c7a6dde5-df01-4706-bf44-16ab2ce24d71","Label1_9_AddTest3_5":"94f74464-9b37-4793-bdb8-56df08162de4","Label_Test1_Value_71":"56ef0148-8dd9-48bd-b0d0-4d09409cea7e","Label_Test1_Value_72":"48d01ee4-64e9-450f-9de5-cadb4f8aef22","Label1_9_AddTest4_5":"fc4757ca-5ef5-4134-80f7-f95a016b1dcb","Label_Test1_Value_73":"d38b500b-b85d-4535-9117-81c22797feda","Label_Test1_Value_74":"c4f7d08b-47d2-493f-abc5-570bec1e0a5e","Label_Test1_Value_75":"7c4443e7-6575-4d79-80cc-f292c35ac87d","Label_Test1_Value_76":"ba616053-8ecd-4a0e-a105-11325c336b00","Label1_9_AddTest5_5":"77541238-ffaa-4901-bd57-ac69feb87a5a","LabelTotalChargeUSD_5":"10130d2e-73c0-420c-9604-e7d776460f19","LabelTotalUSDCost_5":"499a660f-a5ac-43b9-8093-1cc1af02c76a","Label1_1ReqDoctor_5":"48bf6aee-1753-44fa-830c-52ef77c1d4de","LabelReceiptDoctorName_4":"a64b6e5f-52d4-4b9e-8510-28f6166037de","LabelNairaEquivalent_5":"b2708335-956f-441c-8666-65c78c3eab2e","LabelTotalNaira_Cost_5":"427ce77f-e3aa-4da6-ad76-80aa3e5e8f7b","Label1_5DateOfRq_10":"7acdd693-a2bb-41c5-b70e-aa2add549088","Label_Test1_Value_96":"ebc7454b-9825-4424-9a9c-ad6176702c2c","Label_Test1_Value_99":"fb2de80e-3569-4245-8cf8-4f01f28d2267","Label1_5DateOfRq_11":"5dccc76f-c652-47c4-9635-70cbf040e53b","Label_Test1_Value_97":"1aebb7a2-e786-473c-b050-7206996e2b05","Label_Test1_Value_98":"569244ef-e871-4114-903c-da67c1fcfca0","formHeader_PseahCall_12":"c1fc3012-305c-44e1-a810-618c84d1c4bf","formHeader_PseahCall_13":"d5f34520-85f4-4d18-88ca-96baae587010","LabAbuja_ReqForm1":"37abce7b-81c6-4aa4-bc4d-0e0e26f2e9f3","TextCanvas1_6":"92723ca6-3394-4020-b9e9-11885f173214","ImageAbuja_ReqForm1Logo":"80dd24c5-a7b0-412c-ad06-57e006e318ea","LabelAbuja_ReqFm1_HeaderTitle":"9fbbdad2-92ce-4e0d-9173-70269febe339","iconAbuja_ReqFm1_Home":"fc9ed75d-2c06-4f45-9f1a-789e2b386b97","Arrow4":"822c521c-30b3-4b9e-8dd0-f8a448b08e38","LabelLagos_ReqFm1_AppInfo_2":"b636b305-b43d-412a-a0a8-d0e3994921ef","LabelAbuja_ReqFm1_AppInfo":"51edc900-da40-4710-bd04-7323a2af7e58","DropdownAbjMissRate":"9f9c5a5a-a8a9-4859-a891-1cfe1e5d4a2b","LabelAbuja_ReqFm1_DateOfRqName_1":"c2d68f66-b799-4b92-ad5b-d4eca8b20cd5","LabelAbuja_ReqFm1_AppGendName":"6ff46afb-9402-4949-9ba0-7b62ba5fd836","ComboBoxAbuja_ReqFm1_GenderVal":"8630fc28-2e3b-43af-80ab-2debbc4499d9","LabelAbuja_ReqFm1_DateOfRqName":"c8e2c5cf-bbe5-4ed1-9f93-b19b710a4990","LabelAbuja_ReqFm1_DateOfRqVal":"f64404da-11b3-477a-bb7a-ed7ef710256a","LabelAbuja_ReqFm1_ReqDocTitle":"55036c5f-7cb8-486f-9b37-9870e84d962c","DatePickerAbuja_ReqFm1_AppDobVal":"7dc17b12-f078-4f8e-b927-268630085164","LabelAbuja_ReqFm1_AppDobName":"97c17ae6-8beb-4c7b-b36e-c927cf73fde7","LabelAbuja_ReqFm1_ReqDrValue":"078ad93b-8ec1-4c11-b45f-f1e1916e907e","LabelAbuja_ReqFm1_MimosaIDName":"52c053e9-0a79-441b-859c-14ec1b888a00","TextInputAbuja_ReqFm1_MimosaID":"e6a802dd-16f8-4e89-aaba-221f9731b376","LabelAbuja_Req1ClntMadePayment":"21c965bc-1976-40fe-bcbc-b0c72282fb74","TextInputAbuja_ReqFm1_LastName":"d6c91591-e4f4-419f-860e-433a5d38a796","LabelAbuja_ReqFm1_Surname":"2f215ba3-157b-4d35-8499-22f5c5ffffc5","ComboBoxAbuja_ReqFm1_DestCoun":"7dbbab1c-f9c9-4bda-bf00-261bef4eefaa","TextInputAbuja_ReqFm1_FirstName":"574a1ba1-baa0-4d63-a5bf-cb20d3ac1511","LabelAbuja_ReqFm1_DestCoun":"f79e026f-53ae-433e-af3e-537c9cdeb877","LabelAbuja_ReqFm1_FirstName":"28f6df33-8066-4a46-8824-6660096da73e","CheckboxAbjNoFee":"bf762995-719c-44c6-a15f-7ce32bf6d7f1","LabelAbuja_ReqFm11_RecContainer":"fcb44164-38fc-4547-84ae-0aad0af15057","LabelAbuja_ReqFm1_NofTestN":"cad49d13-0f54-4f74-a2eb-0275e99e6650","ComboBoxAbuja_ReqFm1_NofTestsN":"3328643a-6709-4b91-aa58-fb40e4983cd0","LabelAbuja_ReqFm1_AmtInUSDName":"c48d7d27-fe6d-4ea8-a5ed-2dd9dac23544","LabelAbuja_ReqFm1_AddTest1":"c8d4a2eb-9240-4ff2-a959-5417b69e249c","ComboBoxAbuja_ReqFm1_Test1Name":"05304341-0829-4852-a868-68688e82f6ae","LabelAbuja_ReqFm1_Test1Cost":"920b9e7d-2002-48d6-9ac9-a8f1b71c0ac9","LabelAbuja_ReqFm1_AddTest2":"931d356f-4fde-4814-9768-4725f7408787","LabelAbuja_ReqFm1_Test2Cost":"9a9de576-56e6-4dbc-acfd-f8884a2eb31f","ComboBoxAbuja_ReqFm1_Test2Name":"91be5def-6eb9-4980-a114-e211c8a92a09","LabelAbuja_ReqFm1_AddTest3":"df2c1e61-9425-40d5-983c-de10f36a8ea0","LabelAbuja_ReqFm1_Test3Cost":"20d7af49-d7fa-4a4f-ada9-2004cfe414c0","ComboBoxAbuja_ReqFm1_Test3Name":"8c24bc3e-f41c-4907-b404-842bb276c525","LabelAbuja_ReqFm1_Test4Cost":"f58b6f3e-c86d-48a5-8ad2-8b1a3af0186f","LabelAbuja_ReqFm1_AddTest4":"6290b59f-ffc7-4ccd-b5f7-4e35528c2355","ComboBoxAbuja_ReqFm1_Test4Name":"7bca2814-6fe7-4108-9026-0259377bb66a","LabelAbuja_ReqFm1_Test5Cost":"75ebf10c-7176-4f7b-8ece-0ca6947590c4","ComboBoxAbuja_ReqFm1_Test5Name":"d647805f-ea7b-4584-b644-d1b4e1df4c6e","LabelAbuja_ReqFm1_AddTest5":"086c86b7-2dd4-44f9-90e6-de996861b38e","LabelAbuja_ReqFm1_TotUSDCost":"5a3659ee-8363-4c9c-a8d6-3548f1032d94","LabelAbuja_ReqFm1_TotUSDName":"b375ace0-45a1-47aa-add3-b99683be8eab","LabelAbuja_ReqFm1_TotalNgn_Cost":"67594590-1ec9-4309-800b-a027e575d0db","LabelAbuja_ReqFm1_NgnEqv":"4f09078a-3083-4f56-bc6b-47f1f9e266fb","ButtonAbuja_ReqFm1_Confirm":"8524b62c-ad07-4c10-adb0-f197c5efff0c","formAbuja_ReqFm1_FootCopyRight":"1f5e2e64-f29f-4600-aea3-109f33aae3cd","formAbuja_ReqFm1_FootPseah":"600ac521-440d-4cf5-9277-00e4058fddf4","Welcome_ReqForm1_NwSR":"c52d060e-73eb-4284-8d46-5803ea39b2ce","Image_WRqFm1_BckPic":"c1ce4644-2dfd-4aab-a57d-263a112e9aff","Arrow_WRqFm1_Bck":"2052374e-cf4d-41ff-9c36-a36e20526d73","image_WRqFm3_IOMlogo_3":"fe031031-ac1f-4436-baef-6329b6367c4f","Label_WRqFm3_MHAC_3":"8aae8164-bd2b-4a0c-a07a-8987397df521","Label_WReqFm0_LTRA_1":"c8ff1051-5a25-4b67-a1f9-3972bc40968c","Button_WRqFm1_NewReq":"f64fb571-c7be-412d-b565-c09975faa717","Button_WRqFm1_SearchRec_5":"191a9e75-24a8-435e-abe1-088d72bc9cbe","Button_WRqFm1_SearchRec_1":"2f6f63d8-76d5-41bf-9283-510c6b7663e1","Button_WRqFm1_SearchRec_2":"eb88c1e9-cec3-4aa6-bf06-f117bfd670ef","Button_WRqFm1_SearchRec_4":"6d2a9f59-ce70-4432-9e2d-394bf309c256","Button_WRqFm1_SearchRec_3":"c289927a-b5e2-4ccf-bfac-4ad474999778","form_WRqFm1_CpyRght":"a37f6929-ac02-4064-b648-0de18bf81c0a","LabBenin_ReqForm1":"61400bda-e5f3-4d22-8d94-dbbdf53f8f23","formBenin_RqFm1_LTRA":"27309476-cdca-461b-aab5-e9a1f7740234","ImageBenin_RqFm1_IOMLogo":"f9787d4a-b46a-43d6-887f-3889e85e68ca","IconBenin_RqFm1_Home":"ad918fac-8b76-4dcd-947a-c61ac30423d4","ButtonCanvas3":"f64403a3-b3bf-4339-ba89-3c535babd493","LabelBenin_RqFm1_BeninNtAct":"009e3676-fcb4-4d5a-a4a7-a33812307700","formBenin_RqFm1_CpyRgt":"216fc94c-5b5b-4869-abec-4ea6436edea1","formBenin_RqFm1_Pseah":"0b688975-05e0-495d-8860-4f0f15d85ba1","LabAbuja_ReqForm2_ScrConf":"2cfac0f3-5eb0-4f21-add7-4fc5060ca41d","formAbj_ReqForm2_HdTtle":"ed5f09ea-004e-4bf6-836c-836273904740","TextCanvas1_7":"b5265aba-8328-4173-ad42-82ffc860478c","ImageLagos_ReqForm2_logo_1":"4b1761aa-e739-4a4a-9926-d73972ead982","ImageAbj_ReqForm2_backArrow":"ce229801-e639-4527-a8a1-db9c362a4a32","ArrowAbj_ReqForm2_Back":"a37a65b0-ba51-4818-9299-f32a917b07f4","LabelAbj_ReqForm2_infoDetHead":"8a5c7a82-dcec-4c4d-a3aa-004d7536f930","LabelAbj_ReqForm2_AppGendName_1":"c40e448c-b912-4f39-ac01-407eeba31c8f","LabelAbuja_ReqFm1_MissnRateLab_1":"56fa4700-af84-4454-a483-07e8088e30f1","LabelAbuja_ReqFm1_MissnRateLab":"38be7259-03b4-45d4-820d-24cca09510d0","LabelAbj_ReqForm2_DateOfRqName":"8330f954-0317-405e-8821-03a3cd7787f9","LabelAbj_ReqForm2_DateOfEntVal":"f098ee29-5b66-4c4a-84e4-2742187fa05f","LabelAbj_ReqForm2_TimOfEntVal":"ed162f5d-2a66-467b-ac0e-7eff1d92b79f","LabelAbj_ReqForm2_AppGendName":"31323885-272a-4aee-a48f-954d6b01c50c","LabelAbj_ReqForm2_AppGendVal":"a7102c69-db60-4f42-ae91-2f5a59e7f9d0","LabelAbj_ReqForm2_ApDobName":"902abb48-bcca-48cc-9ce0-cf114d4e99e2","LabelAbj_ReqForm2_AppDobVal":"845ccefb-1bb5-43b4-a8c4-54ca19aee78e","LabelAbj_ReqForm2_MimIDVal":"43601fe0-eae7-41ba-a142-302fc1ec577c","LabelAbj_ReqForm2_MimIDName":"ea1d11a8-f17e-4944-9876-19d441f23fb8","LabelAbj_ReqForm2_LastNameVal":"877fee28-9a8d-4cf1-90c8-d20635c83323","LabelAbuja_ReqFm1_Surname_1":"086a22ae-9118-4082-9660-b83c86744a63","LabelAbuja_ReqFm1_FirstName_1":"8d3a8aaf-9e43-4a9b-b63f-2031f72c5db3","LabelAbj_ReqForm2_FirstNameVal":"ae814f93-ade4-43ca-a60d-d0987c0b3fa9","LabelAbj_ReqForm2_AmtInUSD":"6cc575b0-8f43-451e-895d-dbd46fe84e53","LabelAbj_ReqForm2_DestCounName":"03343d99-6a3b-40bc-81bf-51a926edfc78","LabelAbj_ReqForm2_DestCounVal":"1fb85877-5ee0-44ac-98bb-9eb0b1265a4a","LabelAbj_ReqForm2_Test1Name":"2522d025-84e8-476c-ac9c-aa2e1a3967c7","LabelAbj_ReqForm2_Test1Cos":"6d70abec-6a44-4c41-a564-1708f55d5820","LabelAbj_ReqForm2_AddTest1":"d0435705-ccbd-445b-a2d9-b0e1f7755d4c","LabelAbj_ReqForm2_Test2Name":"24c7287d-7cb9-49ab-9b10-84f48850cb0b","LabelAbj_ReqForm2_AddTest2":"e9e38524-6c02-4693-866b-55e9b3c4ba7f","LabelAbj_ReqForm2_Test2Cos":"0a27bb10-5ce6-4741-90d1-a3d78c63c94b","LabelAbj_ReqForm2_Test3Name":"4432f18a-bf44-4c93-a112-5dbefdd72877","LabelAbj_ReqForm2_AddTest3":"2ffd469e-692a-4936-8a47-f2ad83e4970d","LabelAbj_ReqForm2_Test3Cos":"9de17f69-ed9a-42ac-a5cf-f548cc81aee5","LabelAbj_ReqForm2_Test4Name":"2357d306-6a50-4650-b475-fd482ceddcf9","LabelAbj_ReqForm2_AddTest4":"46ce9a57-1d23-43dd-a1b0-99dd7048f8cb","LabelAbj_ReqForm2_Test4Cos":"a725098a-5be7-430b-9a6e-5e1a39c28c21","LabelAbj_ReqForm2_Test5Name":"d0e94c43-7311-4051-980d-552b8a078bcd","LabelAbj_ReqForm2_Test5Cos":"e87447bb-d143-48e9-9f2a-dc3b064bdc86","LabelAbj_ReqForm2_AddTest5":"9fdb2c99-f8fc-497f-aa56-43633381f947","LabelAbj_ReqForm2_TotChgUSDTit":"af2874fa-c169-4bfb-9c7d-6a85720659a5","LabelAbj_ReqForm2_TotUSDCos":"4160065c-9627-4dee-828d-5c12164324eb","LabelAbj_ReqForm2_ReqDocNameTit":"db0a0d33-9977-4169-b0fe-61be2a40488f","LabelAbj_ReqForm2_RcpDocName":"30df9da2-a51a-4fff-b5f9-d3034c4a7951","LabelAbuja_Req2ClntMadePayment":"3517b2c4-86d8-40e4-89dd-c6b9726e6958","LabeAbj_ReqForm2_NgnEqvName":"901ebd51-56ec-4e06-98d8-c5bf3a883229","LabelAbj_ReqForm2_TotNgnCst":"1a9312ef-e85d-45f0-9ee5-e11529e58417","ButtonAbj_ReqForm2_Subt4Ins":"f7fd7616-22dc-4be1-8f9b-7785f29b015a","LabelAbj_ReqForm2_SbtAft":"a1019d29-9e9e-4065-a8f9-2075658f8d6f","formAbj_ReqForm2_Cpyrgh":"c942cee8-253b-4705-a532-80d1ac1626e4","formAbj_ReqForm2_PseahFtr":"d1b347d8-01aa-41ed-9d15-70a46f3c4539","LabLagos_ReqForm4_ApprovalPage":"47d4a761-c115-4108-a8e9-c0cf5861870b","TextCanvas1_4":"2ffa0a0d-f9e9-4d2a-a4b5-d82d00eb2156","Image_IomLogo_8":"ff4698d1-5a4f-4799-907c-a7cad5fbdfb8","formHeader_10":"bddf4d55-7c2c-4f96-b215-7a0aeb3a74ab","Image1_9":"3e931fad-d186-4436-a59e-a6d585c9a854","IconCloseReceipt_4":"8bf372c5-1969-4579-80d3-39504971dc35","Icon3_2":"232674a7-0fe8-4ae3-87aa-f672a780c270","Label1_1":"d5a55977-8e72-48d4-a6cb-5975ab3960b2","GalleryLag":"58baeda5-8bb9-45ff-b856-22ed79c43476","galleryTemplate2_2":"a28ba77a-8426-4e1f-814d-f7a0aeb47e18","Rectangle1_1":"b680364e-fbdc-4830-81a6-2ba65fca5198","NextArrow1_1":"90c1b593-873c-45ee-b001-3afc69c23a80","Title1_1":"a7f49098-0df6-4ff2-82d8-268f9d3701c6","Subtitle1_1":"deb9d762-1081-4b86-8ce6-724e436c7896","Body1_1":"e1c652aa-c8da-407b-b467-d29f30317e18","Separator1_1":"c4bec17d-6d26-4567-8133-fd214ff04fb5","Form1":"bb465e07-dd10-409c-8b10-a430f0eeac0c","Dateofreq_DataCard3":"09b1e25a-c94e-4e89-9909-e58a9c2bdade","StarVisible42":"93110f78-4619-4c74-bb8b-8329805b08fa","DataCardKey42":"f9453a08-5bf8-4cd4-8172-884a16173cf5","DataCardValue1":"d9347c6c-daeb-49e1-8e20-e319e7beddd3","ErrorMessage42":"71bc08a7-b6f6-4145-9482-34af888f2fb6","InvoiceRef_ID_DataCard3":"0f5029f0-b449-4d4d-b8d7-f6789893d9d6","StarVisible43":"6e19a134-ec7c-45d3-ae32-8c25fefe38ad","DataCardKey43":"ef8f9dee-c7b0-42ff-80c6-0deac91416d5","DataCardValue2":"cbaa718d-9a2f-4f5d-9edc-15fa5652eed5","ErrorMessage43":"0166c5a2-e6c2-4dd6-abc3-2f55420a4d82","reqDoctor_DataCard3":"3ba1d27f-bddf-4eb1-ba7a-a76fc5340ffa","StarVisible45":"d3d578de-de91-4fed-9354-eb031e64e52c","DataCardKey45":"19720976-e6a0-4ee6-a1fd-da22c66526b2","DataCardValue4":"fdfa05cf-d492-4e81-869d-8ced30158467","ErrorMessage45":"618711df-7690-423c-8cea-777e87c9723c","Approval_Stat_DataCard1":"48624c23-2f8d-4541-97df-8f1e3367aba6","StarVisible44":"c36fe4d7-e516-42db-960c-b4437adc199a","DataCardKey44":"f1365134-bb9a-4a64-a797-661d110605d3","DataCardValue3":"cbc7ec4b-2fd3-4309-a0f0-55d7e1187766","ErrorMessage44":"3d7a7119-335f-46c8-9d90-387b07c71149","FinanceConfm_DataCard1":"7cc443a1-7b96-4927-a0e2-83ace0260c4b","StarVisible10":"2a161f44-a0ea-4691-ba9f-22392254113e","DataCardKey10":"97f25857-6b65-4596-9c7b-370ef4050617","DataCardValue27":"a7f73666-e355-461e-8990-9591ead69c85","ErrorMessage10":"7b67f830-380a-4f87-b593-bc5d82ef3598","LabApproval_DataCard1":"1246b99a-d86c-4623-a88e-1c856bbc8a68","StarVisible12":"5b23fbd3-f71d-4564-9714-198be1fde314","DataCardKey12":"54b7f727-d3d8-4bbc-9563-ade4fdddef22","DataCardValue28":"ad5638bb-d7bc-4667-992d-afcf7cacdb52","ErrorMessage12":"b167a21f-489b-42c9-bb84-80eb8682d565","DateFinanceCfm_DataCard1":"a31e5d0f-a335-4624-8c47-d97fe58892af","StarVisible13":"34d0fb80-b008-456c-a4e3-dffdefefde8f","DataCardKey13":"a52a3ea1-0049-4b65-aa52-0472d0ad766d","DataCardValue29":"b0dd496f-3b64-44ae-93b2-fdf360edbe88","ErrorMessage13":"de1b0883-0d0d-4cf9-9083-0687e6136a5b","DateLabApp_DataCard1":"1b5ce120-6f90-4321-8634-a89277d1e553","StarVisible14":"6b43b6f9-e799-4077-b9ef-6955364404a6","DataCardKey14":"6bd03c1b-c3b6-45eb-b021-cabe47f876f5","DataCardValue30":"e2257625-ba5a-49d0-b360-e746930aed91","ErrorMessage14":"acb3b637-0b65-472f-9fb7-ad9b86b833e5","DateReview_DataCard1":"78b943ff-a4be-44c5-ae2d-e0a4f46f935d","StarVisible15":"a26e357c-a479-409b-877f-8e6605fe8e5f","DataCardKey15":"004e086c-0083-4401-a7a6-745c07102445","DataCardValue31":"fb4a6c8b-83b6-432a-9f5c-ca145dab9923","ErrorMessage15":"903831fe-43f4-4a87-af8d-0db2a5635c9a","ReviewStartTime_DataCard1":"a033fa95-8ac8-48ee-842c-61bca297e4c8","StarVisible16":"c0e4de42-6114-42f4-8bd3-d82effa8bc1c","DataCardKey16":"bac6eb85-6adb-43c9-898b-3bfb8f575305","DataCardValue32":"d0339c22-41f4-4ee4-9ffd-40970d71884e","ErrorMessage16":"db1fc762-f57c-4b27-b8e0-c07a5e96406a","TimeofApproval_DataCard1":"c82144f6-0648-4d15-af3d-96f95574969f","StarVisible17":"da534a19-77af-448f-9fea-e515c32d705d","DataCardKey17":"920703b6-378b-485a-af3a-03879ad8a29d","DataCardValue33":"28b7dbc0-f26b-4a4b-9678-7608ae6454b7","ErrorMessage17":"017bf25e-4a95-4d86-abff-e6606620814e","TimeOfPaymentConfrm_DataCard1":"15e39d76-32b0-4563-8190-7a7f6edd2d8e","StarVisible18":"9291641c-32fe-46c9-80fd-6445a1550a7e","DataCardKey18":"fdc7075d-80c6-4f10-a49a-7b18d810369d","DataCardValue34":"2354474b-bede-43b4-a342-fbe8eeada14b","ErrorMessage18":"30840952-9e7b-4660-8f48-476af6fdc0f9","ButtonCanvas2_5":"c7c3e7de-3740-4e6a-96d3-24ecd8b27fca","Label2":"45b7934a-eb71-4220-8197-2a673b1b2701","ButtonCanvas2_2":"e7eda8d4-5a14-4b78-b6df-7c19718945c3","ButtonCanvas2":"d683a56f-5d02-43b5-a06c-38ace5518e00","ButtonCanvas2_3":"150a863b-01a2-4213-a56f-f89303701080","Label2_1":"b901e93e-cac6-4100-bde3-6af0abce3774","ButtonCanvas2_4":"7024d990-f387-4181-9b30-e488e3261a4f","ButtonCanvas2_1":"3a1169b8-2cab-4067-bd11-09f890cde9d8","Form1_1":"ccb5d16e-318f-4e86-a124-cede1626659e","MissionRate_DataCard3":"f977c8ff-804a-4a5c-ba91-0178548555c8","StarVisible23":"028478fa-3a24-4384-b825-06af10f8a78a","DataCardKey23":"c10aace7-7000-4474-824f-10e2bf50d22b","DataCardValue40":"5657fa13-f348-4203-ac32-3694f20760d5","ErrorMessage23":"406b2f5e-ae00-4416-a23d-56e34741a0b6","Applica_dob_DataCard4":"aa953ed3-1b97-4f18-9d7f-cbcca1f35d5a","StarVisible19":"0401c560-63a1-4a86-888e-b5742cc88d2f","DataCardKey19":"d73f8171-3ba9-4d71-b306-678e27f34df0","DataCardValue35":"46abdf58-e838-4030-bd6c-d70fe48dc8ac","ErrorMessage19":"4a0b7798-6423-4263-a3c2-0d620294bd73","FirstName_DataCard2":"bdd1f7ce-ee66-4707-b3f1-ecd28a5edcba","StarVisible71":"3f167ac0-fe00-4d56-a22c-9bba26663019","DataCardKey71":"98d93b1b-8f18-4948-a98d-9748e25ce7aa","DataCardValue73":"86ff1c98-f7ff-43db-b79b-3d5efc726117","ErrorMessage71":"0f3cda33-c897-4f75-a713-0184c8378c66","SurName_DataCard1":"600c781e-fb57-4db7-bc00-89809eb8b4e1","StarVisible72":"e18b23da-a7a8-4c00-bc95-8e75a76249ff","DataCardKey72":"6d1925e5-d620-4155-b3df-117bc49bcd6a","DataCardValue74":"c87e4714-4d65-47ae-9d2d-7f11c7c245fc","ErrorMessage72":"ec0217c1-1f4b-4990-8d43-3bc640935c4d","timeofEntry_DataCard1":"897b7db3-bb53-4624-9f05-3c573d4a2492","StarVisible1":"14aed849-5cf2-4fc6-8103-35c36f2143b3","DataCardKey1":"80180ee1-772f-4e5e-99fe-95ff9627ff44","DataCardValue5":"2b6e8c23-7cb3-495a-86eb-6cf5cb18fac9","ErrorMessage1":"e4f63c6a-7381-434e-8973-58b595aebe62","Applicant_Gender_DataCard1":"597f3133-60b1-40f6-8418-267ce0015635","StarVisible2":"a2253178-0719-4a9f-aaf3-43c8d097227d","DataCardKey2":"7389d55c-de4e-4e6e-8157-ff5246ca5db2","DataCardValue6":"14650b0d-c537-4e30-8050-099e8764ebd2","ErrorMessage2":"1347d898-a289-4ecf-850a-e3f0accbef27","Applica_dob_DataCard1":"200e66ae-6b4c-4ab6-a625-a9ea31355406","StarVisible3":"f6a4a326-498d-4f20-8b05-19b31a6e23d3","DataCardKey3":"6e2c2741-5f16-47f0-ae06-eb4a67e46047","DataCardValue7":"38029bc0-8e2e-4233-b82c-86c83ee33639","ErrorMessage3":"6b2d8380-8955-4e82-8f0a-1bdc26f10b3d","add_Test1_name_DataCard1":"50897201-a314-4552-a068-3f5591fe47e7","StarVisible4":"df8b2136-21da-4ddd-8aff-452143bb7383","DataCardKey4":"4900ec44-7d9c-4f3f-8193-c1d0f971b1f8","DataCardValue8":"aaad588b-2332-41f8-96fb-d6c2c3fb57bf","ErrorMessage4":"6cd89381-5f36-4707-aa97-7e458513542e","AmountTest_1_DataCard1":"ab2847ce-a66f-46f1-aecc-60679a15a406","StarVisible5":"b889726a-a2a7-43af-9ce8-fc7a61066a8c","DataCardKey5":"c7db08b9-56ac-402f-837d-23022328278f","DataCardValue9":"3520c32d-55a7-41d5-8e26-3db6a4be4c85","ErrorMessage5":"6f855b75-4048-4f8a-9c72-9188b21fcff1","Dateofreq_DataCard2":"42c0ae16-d420-4487-839b-9399ce72414e","StarVisible6":"af1cbb22-2ce1-4d50-81d2-32d1e583925e","DataCardKey6":"ceed9289-1744-455e-bd3c-6948e1432a4d","DataCardValue10":"0ab881ea-9521-4ccb-bea1-fca2efda0d68","ErrorMessage6":"48fe6da6-eae4-4f5f-92e5-72ad94a3a22c","TotalUSDAmount_DataCard1":"5c8327e9-1d03-4e57-a12d-0839a2c1dea0","StarVisible7":"717b6d73-238f-4e6e-aeab-0b67a9321f9b","DataCardKey7":"5c067f3d-5b66-4202-b3b6-734c3ef5bc4e","DataCardValue11":"d11d7109-1dbf-4213-8309-175b69afc619","ErrorMessage7":"9a2c474a-64c2-41d2-b839-6197d407b560","TotalNairaAmount_DataCard1":"03cbbea4-b497-4ab3-bbba-0616881f8652","StarVisible8":"8084eaac-e5d9-482d-8adf-017ee9105ee0","DataCardKey8":"05bc8760-a4b7-4b3b-9968-36cae303263b","DataCardValue12":"b63832f6-1ced-49b6-9f4a-82bcd615d1f1","ErrorMessage8":"cc8ceeca-e3a1-4056-96bf-3f2c4296e576","reqDoctor_DataCard1":"20ab49fc-b216-4358-960d-70c14645147d","StarVisible9":"ed309495-a3d9-4052-83b9-11976aec67ef","DataCardKey9":"056c1680-3702-4c7e-bb7a-2e32c514aedc","DataCardValue13":"2492d332-82be-4caa-8573-d9fb3fd74c3b","ErrorMessage9":"53c34176-e86b-41a3-8374-6f96ece82aec","Title_DataCard1":"0578f3a5-c47d-4001-a907-672948814d7e","StarVisible11":"6e5c2ada-8d13-4b15-95f1-b9562312eda5","DataCardKey11":"a095d1fc-f72e-462b-a10c-5b2ddcd7a9c0","DataCardValue14":"82dcd2bd-2ea1-4491-8411-aed550ff7d00","ErrorMessage11":"f7f2f303-91ba-4424-982a-08ee37ca5471","mimosa_id_DataCard1":"acfcbd0a-424c-4c98-9a0e-1230d0fe6add","StarVisible26":"49c9df94-56a6-444f-988a-afde34589381","DataCardKey26":"9451a4a1-1966-41a4-8cab-8d9038b036f3","DataCardValue15":"717ef18d-515f-4980-becb-924e6824aa4b","ErrorMessage26":"7b3a8d26-e494-44f8-b1ac-74e10081c414","InvoiceRef_ID_DataCard2":"dfaf5b27-f210-4ae3-88e2-5eaf39de44e2","StarVisible27":"cd23617a-be72-4e22-9130-fe136e443197","DataCardKey27":"6957bcce-3e9e-481b-8fb9-f6e70b97c56c","DataCardValue16":"ff5b0ec2-e070-475b-88ad-473da74c279e","ErrorMessage27":"af110cf9-4a9f-40ba-96e6-7348ac07b3af","dest_country_DataCard1":"f25b3397-3e5a-42a6-b421-de17bcfbc002","StarVisible28":"edcd1cba-0d78-4a7a-9775-52230df89f5a","DataCardKey28":"da77ac73-96a7-4a73-8c22-307b43fb3e91","DataCardValue17":"78e2194b-9b8a-4b2f-a0a1-00d4def00bfc","ErrorMessage28":"566caac6-5b96-4c3f-a3b8-0f57c37f5331","add_Test2_Name_DataCard1":"1bf728fe-9d88-4f08-8841-6f0125915d70","StarVisible29":"6fd60c9a-e00a-4616-b92e-0fea702ca757","DataCardKey29":"61542dbb-840c-4a7b-8be5-c429925dddd7","DataCardValue18":"0f749dde-9874-4dac-a5da-9dc81317a15c","ErrorMessage29":"b1c25e3f-c062-4cfe-bd84-408dfad985d8","add_Test3_Name_DataCard1":"4421e2f3-22ee-4af2-ba1b-a687e4b0a966","StarVisible30":"ccd90a7d-0b09-478d-a313-2c9c853e2db0","DataCardKey30":"674609b2-2761-4d4e-9f46-23ea516040be","DataCardValue19":"c499822a-eb20-4005-8b73-249ea51d1ef7","ErrorMessage30":"312ff165-2a9a-46a2-baab-919d6fc76339","add_Test4_Name_DataCard1":"5a69f83f-4b19-4d76-aee0-7bb183206d79","StarVisible31":"6041f6f2-fede-4d26-90c4-2057ad078c78","DataCardKey31":"fb917302-e587-4269-bd76-89dd093772ab","DataCardValue20":"0fdef1a2-2f92-455c-9f6b-e1dd88d948c7","ErrorMessage31":"33e2c309-9ce2-425a-a989-429a70d8b4a5","add_Test5_Name_DataCard2":"fe25226f-b354-4f5b-bd03-93602f575e31","StarVisible32":"defcd7e6-5b2a-4c9d-9839-40c69731e629","DataCardKey32":"4b279590-9863-425e-9634-fd84faa21e9b","DataCardValue21":"37b30e19-55b0-423f-85b8-6d725dd96179","ErrorMessage32":"bda83a8f-56a7-4687-bc75-7fd2b0e7eae6","AmountTest_2_DataCard1":"be2eb052-26df-457e-a012-0703398ee8f2","StarVisible33":"154d97c8-0109-4bc9-8251-158b5ede1db2","DataCardKey33":"fb435078-ffa8-424a-b216-73b173fa5373","DataCardValue22":"4194ffd9-3b5d-4f27-ad9a-e11c1da5c6b0","ErrorMessage33":"5db94681-27e2-4c09-a760-0143d3d2d1b6","AmountTest_3_DataCard1":"21b1f94d-ac3b-4361-8cc0-716bc2c71ca1","StarVisible34":"cb324c63-8a4e-467f-a9a4-bd2c27662077","DataCardKey34":"06ba864e-e774-4496-ab7c-d87f849f1da6","DataCardValue23":"9ed71232-7efb-48a8-bd01-08d68017f94b","ErrorMessage34":"3afef94f-3b6b-4e2f-be99-2e6ada8c3491","AmountTest_4_DataCard2":"c30427a9-3148-4530-b386-fdfeed56ef2d","StarVisible35":"e8ea2ba3-f31a-4252-b601-a0e3b94c2d41","DataCardKey35":"937d620f-d75b-4dc7-911f-3438a8076605","DataCardValue24":"b497a183-e1bb-4d49-ab52-3974185b5b2f","ErrorMessage35":"427d54ca-7d69-4512-bb55-3c008182cc13","AmountTest_5_DataCard1":"b61d8c68-39ec-472e-b7cb-356a3a32d218","StarVisible46":"7b8b18cf-bfb1-495a-a257-020d87357bc6","DataCardKey46":"a54bff39-c603-40b2-ae88-ccda96cd927f","DataCardValue25":"3702b2b1-8438-444a-90bb-15c68f9d681a","ErrorMessage46":"f855173e-8cf1-4acc-beee-d7b4c5d2f95e","Approvl_labDb_stt_DataCard1":"63057147-2ffe-41d9-8a06-4c2444a1289e","StarVisible47":"9bc77b45-0139-4f7e-87a5-7076195b2117","DataCardKey47":"32132fad-2f72-4a46-9e5a-8c00e9a001eb","DataCardValue26":"f2039fd1-bab5-4d5a-984b-6e8cd063d936","ErrorMessage47":"60155ab9-0675-41b3-8950-2d262946f7ac","formHeader_PseahCall_18":"bd5e367e-6766-4634-b647-753b79275d7f","formHeader_PseahCall_19":"c549d1e1-81f5-44ba-b0d6-ca28de81bd2d","Welcome_ReqForm2_SubOffice4Apprv":"fd24172a-4a5b-4730-9244-33fd7d2ec0ca","Image_WRqFm3_BckPic_1":"7946c1cc-4e3a-4370-a637-b615d135e5e6","Arrow_WRqFm3_Bck_1":"b9b3da8e-24ef-40ec-af5a-9abbb1309b49","image_WRqFm3_IOMlogo_1":"3fef6629-abf5-4c8c-8410-3d6cce91b72d","Label_WRqFm3_MHAC_1":"afe4b18b-dfc2-4d11-b4b6-358ff2f6f3f3","Label_WReqFm0_LTRA_4":"790e5534-e891-44f8-a10f-dcddc0e5e07b","ComboBox_WRqFm3_SbOffc_1":"713ce21b-b92c-44a9-a255-d68ea4c926d3","Arrow_WRqFm3_Fwd_1":"131f0633-958d-47ae-a6f1-6e1c7e294211","form_WRqFm3_CpyRght_1":"62498674-d74d-443b-8b32-d0208e207f3b","MissionRateForm":"bcaa1e61-6c7d-4044-98b3-40f1ff50234e","TextCanvas1_11":"5583134e-0f60-4c01-af88-59109df45694","LabelLagos_ReqFm1_HeaderTitle_2":"3c033351-4acc-489c-8e5a-f638ee7e5432","Arrow1_1":"ec2a3d9c-137b-4fd3-89cb-1f000ac7d7b9","Gallery1MissionRate":"6a1a4519-b6cc-4081-9d8b-dc9a0fa85017","galleryTemplate1_1":"8bddd52d-db00-46b5-aaef-d9b9261183e9","Rectangle2":"019913f3-73b4-4373-b27c-46ad32bba706","NextArrow2":"4d086259-6bf1-4816-ad5c-8424ce703f20","Title2":"1b3db2a2-cc35-4c37-920f-6625e0653e33","Subtitle2":"00a25a22-ba89-4fce-ba54-5492d7583b3f","Body2":"34114c02-442c-4fd2-a644-1128bf814640","Separator2":"bde8099a-ef98-4c0c-bbae-1e8aab9203ab","Form3":"d398e2c6-f4f8-4d3d-a1ff-ec46982e8d7f","MissionRate_DataCard1":"5579e4dc-59a1-49d7-87a7-32e27b37c6b4","StarVisible22":"eefd5c9a-26b1-4bb6-8531-15fa6cf50376","DataCardKey22":"022b975b-97de-4e1b-aae9-f50dde9a44da","DataCardValue39":"758570af-83c2-4262-bc7b-b22e50452e21","ErrorMessage22":"65a49549-1908-4ea8-a5af-0f1c0bcf9771","ButtonCanvas1_2":"04feede9-c5eb-4505-9387-f64220375317","ButtonCanvas1_3":"8117cbb9-5d83-4acc-be0a-9a53b1fcb5c4","form_WRqFm1_CpyRght_2":"cd2ba131-48f6-450f-b09a-dce2b460dc9e","WelcomeReqForm0_1SelectRole":"ae37f688-7e02-4737-b522-d47e14f353b3","Image_WReqFm0_BckPic_1":"e83918bf-b21f-43a4-bd32-e5c90bd9159b","Arrow_WRqFm1_Bck_1":"f1d8be76-48a5-4f5a-9624-9f16ed9c80e2","image_WRqFm3_IOMlogo_5":"43ba407b-cbe1-42f5-9788-1b2c850aec9b","Label3_1":"d4633f38-3f94-442c-bb58-62265e6d003f","Label_WRqFm3_MHAC_5":"7776c8cb-c2c8-4614-adf2-79dc28148d8e","Label_WReqFm0_LTRA_7":"860c085e-ec10-4142-ac5e-5eefc5608c76","Label5":"0d0a98ff-660a-49aa-8d75-275a315085d2","ComboBox1SelfRoleDutyStn":"551416a6-55b7-4923-b846-47674ecd44fb","ComboBox1SelfRoleSelect":"5aac5edd-d240-40de-9b2e-2ad86cdf9ac4","Arrow3":"ab4acc15-c302-4adf-8034-3f13b0d861c0","Label_WReqFm0_LTRA_8":"f425a275-6f15-4d02-bc09-c346270a615e","form_WReqFm0_CpyRght_1":"58b8b798-ba8e-4719-934e-01fd508b206a","UserMgt":"26ad5e79-b30c-429a-ab6e-63ed4b79707c","ScreenContainer2":"58ff8879-a8d2-4b3c-a4c6-03f3f4610564","formBenin_RqFm1_LTRA_3":"14912e37-134c-4815-a4e9-a1d0a9ae1c8c","BodyContainer1":"405c089d-ce2d-4cfd-9849-39e36f1814d5","SidebarContainer1":"812acba9-4de0-4e2c-ad10-6c71026525aa","SearchContainer1":"6e390b6f-cfb3-415d-94d3-2679aa1f925a","SearchInput1":"7750e981-a329-4e58-85a8-aa3d68eefc7c","AddNewContainer1":"505399d3-497f-47f0-b5e8-d39a1d3b1d7e","AddNewButton1":"2455d0da-2b87-40e3-b617-4aa294e402b2","Table1":"495efac5-48a1-4aba-80ac-02188b40b4d6","UserID1":"01c96380-e36b-4c71-9719-a0900a0dc268","UserRole1":"c31b786a-5d94-47f0-89f7-42cd63bcd222","CreatedOn1":"59c180f5-cb9c-42c8-bdb1-8f9504f705a3","Last_Login_Date1":"3d6b4d79-a4d0-4745-a9ff-442b1085843e","Last_Login_Time1":"c9c0cf37-7646-4e40-8302-25d8315153a3","FullName1":"b04836fe-6e72-4092-92c0-9a53d895e61f","DutyStation1":"5fb95e1b-034a-4c96-aa1f-217200310dac","Created1":"f95f03a7-14ca-4156-97f1-307f6534eaf5","DeleteConfirmDialogContainer1":"87624d5b-abe3-4c49-a710-562b31158d98","ConfirmDeleteLabelContainer1":"8237c8b7-32a6-46fb-a7d3-971623331853","TextCanvas2":"187b00c1-a4ca-4a32-b1b2-a2280e20dd71","ConfirmDeleteButtonBarContainer1":"7e49c700-b46c-4ac8-acae-5c5379f75d47","ConfirmDeleteButton1":"aac27936-d305-463f-90de-dd060e0b004c","CancelDeleteButton1":"66c9954f-9e40-48c6-af91-a31d7187ab43","RightContainer1":"3b748580-ba0e-4f10-a31b-9158359ec5d2","Container1":"f3fcaf4e-4cfc-41a8-a03c-f2f8132243fd","Container21":"e76db006-28dc-4400-b04d-f0e9966f9d8a","BackIcon1":"e17352fa-2397-41c1-8c72-353b4a21c647","NewRecordButton1":"03c0f7cb-5299-454c-81df-ee30247e277f","EditButton1":"65a235e1-9276-4b14-8a04-a7e146a25565","DeleteButton1":"16bab370-3b45-4e4c-a6f3-dbcb5474b136","MainContainer1":"aacd4179-11aa-470c-b2d5-896203697303","Form2":"0c07c16b-4d81-45e4-b3e7-a77ab756835b","FullName_DataCard1":"24a7c880-3e08-4690-b076-d26b89b77aeb","StarVisible38":"404a7f2e-b26f-4594-b578-a26b0eed30e3","DataCardKey38":"ca0c9c3d-8853-48f0-930f-c85f68ac6ddf","DataCardValue46":"45683097-e864-4be7-89ec-97628870b057","ErrorMessage38":"68a9a5fd-d0e7-4ae4-9db1-58b603cf1b8e","UserID_DataCard1":"8efaf7ae-8f25-4f16-b6f7-0eb46a2cf9b6","StarVisible20":"a78ce373-2822-472b-9981-9d2df78af140","DataCardKey20":"b64fb768-61ef-405a-a852-56f0a1149b83","DataCardValue36":"962f47e4-830c-419f-aae3-0c4cd8920951","ErrorMessage20":"0a0c1a45-43ec-4f99-84e8-54f3a32e4142","DutyStation_DataCard1":"b8a36fc9-b72b-4c59-b561-3e33d0bf02a8","StarVisible39":"8f2a06b7-53d9-4d55-88b0-ac8620c0c21d","DataCardKey39":"8b4a1e08-f4b8-4452-afba-7cfb261a261d","Label4":"3522c774-3569-43a3-935b-27d10d96950a","DataCardValue47":"bb57bb5a-6a87-47cc-aabd-f5578c09e012","ErrorMessage39":"9774793a-a5b4-4e1f-8992-10355cb2f3b2","UserRole_DataCard1":"07647a4d-d8d5-4ed7-9320-aa97bce15a7d","StarVisible24":"5d21a502-1ebf-461d-90bf-4955119d29bc","DataCardKey24":"2a447fe7-bfe0-4ec3-b4eb-658f1e8a23e3","Label6":"c95d09b5-a521-40fa-80be-558d2e3614a3","DataCardValue41":"c8425bb5-3896-456d-bb31-c99929afec4f","ErrorMessage24":"fcbc5c38-19c2-4b3c-bb30-c82676dd7fd5","CreatedOn_DataCard1":"56cb3325-0c8e-4805-abc4-1b290539ccc6","StarVisible25":"61f7a2c9-a4bd-46e1-8c9a-1b035b1ce9f4","DataCardKey25":"ead60070-df03-404e-b16c-0f375f39a239","DataCardValue42":"7b78b762-c57e-4a81-88db-7ed341546492","ErrorMessage25":"a2b614f4-e734-49a9-aa5a-8f63bdca28d0","Last_Login_Date_DataCard1":"beeace10-23a2-4a2e-8749-ac0e4ae63eae","StarVisible36":"297f0d35-376b-44ba-8ff8-3ac4b1ebb899","DataCardKey36":"64221c78-9d88-4741-8e26-136c97197085","DataCardValue43":"100f4dbb-cc50-4b96-9b01-c441cef1a23d","ErrorMessage36":"af434b2f-d7c0-4147-8b16-94af5797db29","Last_Login_Time_DataCard1":"38dee9d5-ace0-44d2-a206-d2dfc579be36","StarVisible37":"ab991a61-7edd-42c3-bb8c-868316102bc1","DataCardKey37":"962bd8ed-19f2-4f7c-8848-ed44d6a6be92","DataCardValue44":"acd9dbbc-85d3-4370-9e94-70430d20192f","ErrorMessage37":"b9ce8aed-0038-4c8e-b9f8-2a720cb1c69b","ButtonContainer1":"42ae87a0-3371-4725-b2eb-b6d5bb218add","CancelButton1":"867c8d87-63ee-45ca-9d91-5e5d105ed500","SubmitButton1":"9a3d410a-67a1-427e-bbd6-11a3e415a579","IconBenin_RqFm1_Home_3":"ff285a8d-cfc5-48fe-8aaf-c1c3e3e975eb","RecordsAbj":"c95381fc-b250-431e-812f-1f873bb8926c","ScreenContainer1":"47164c7c-4c1e-426a-84e0-8ebfd4636169","HeaderContainer1":"bd318ba1-f849-4569-a912-c4e52c266623","Header1":"7adb84c3-2c62-4efd-93b9-4c3b1f8cc78b","MainContainer2":"0bed8475-2806-4895-bd47-ac32268f77fa","Table2":"806508f5-01d5-472a-8637-c9eae23eccf5","InvoiceRef_ID1":"3a6b6fea-3024-4e69-bfe9-e4f23434b137","timeofEntry1":"9ec132bd-b296-4444-870c-73d5b8a3ade7","Applicant_Gender1":"f5b87294-412c-491c-b303-b488c1fa16f7","Applica_dob1":"69952098-7430-4ecb-8365-d2194ad07e6d","add_Test1_name1":"778987dd-686d-4e6f-bb2e-fdca3876a257","TotalUSDAmount1":"554ac4cc-01f9-428e-abbc-e52e873f9711","TotalNairaAmount1":"4dee2b2e-afb7-4d06-b063-453c9a6ce300","Approvl_labDb_stt1":"61945cc6-38bb-48e7-b92b-0d71103c5dca","Surname1":"e8a43964-a4d9-4765-8707-5f347aa1d6aa","FirstName1":"5134376c-3920-4554-8a87-9a7a21fda40f","add_Test2_Name1":"86f680ad-ba6d-4f88-9abe-233d230a7326","add_Test3_Name1":"28e42e24-b62e-4903-a374-f731bf7bf699","add_Test4_Name1":"2fa0dfb1-f18d-40aa-8fa2-c9e702a6d6a2","add_Test5_Name1":"e1fcb1e9-aa09-418d-8ba4-7677df8367ae","AmountTest_11":"91ed627d-8ceb-4738-8e88-1afea8610113","AmountTest_21":"f5355f34-3a14-4641-8fe3-52f08fc33085","AmountTest_31":"685ec93f-d52f-4bf1-addb-25ff2bea878b","AmountTest_41":"7622bdc5-2741-4e59-af43-1f5825a57be5","AmountTest_51":"8123c6a9-12e1-4e94-b289-61251a2c8d1b","DateofReqAbjDB1":"283316e9-22e1-42c8-b252-52cc544c6cb5","dest_country1":"5f237d94-69f6-4f46-9eda-65369fb5a617","mimosa_id1":"28c1f18c-fc9f-4274-9f38-90c5a405c9a8","MissionRate1":"b53527eb-eb72-4696-a5dd-1e373a6be39f","reqDoctor1":"a6fd029d-f401-4e17-b6ed-35e476de8aff","Arrow6":"88303fcb-b9d8-4702-b188-fbd77bcf1dc7","RecordsLagos":"5ec95a6d-e3a9-46bb-9f77-3e0a1123f86b","ScreenContainer1_1":"4d61503f-9c64-44a7-a9f4-87732855140f","HeaderContainer1_1":"fa1d961c-b50f-46cf-a090-ac5f95ee5673","Header1_1":"54093fa3-6c45-472b-aa35-7044f64ef33f","MainContainer2_1":"00ac38ba-d4b5-4209-b761-3c3e98c0b021","Table2_1":"131cd5a3-3b51-4357-84fe-53338fa80316","InvoiceRef_ID2":"c8797c87-2601-4db1-bdde-beacf2a84df1","timeofEntry2":"859d9ad3-7a20-447a-b0ef-89bab9c15b57","Applicant_Gender2":"b16abea3-27cf-483d-8d37-66dfbae257dc","Applica_dob2":"e530b0a8-43b5-4eae-aba9-9ccc9968ae9e","add_Test1_name2":"8705c551-c96f-43f6-bc4e-3ad28247abbb","DateofReqLagDB1":"6a8109f7-9950-4596-947f-48ddac3c19af","TotalUSDAmount2":"e37c6a42-96d6-4e25-ac06-1b5cf13d963b","TotalNairaAmount2":"5e61819a-46d6-439a-a6f0-6837bfb96498","reqDoctor2":"b902deff-7813-4714-ae5d-1eac7314de09","SurName1":"899dba40-a398-4304-80f8-93b903ceb72e","add_Test2_Name2":"c554c9ea-221e-46a0-a454-8a40447ec1e3","add_Test3_Name2":"67b66734-d38f-491e-a39a-7ed8e0edb40c","add_Test4_Name2":"64bcd4cb-cf00-4859-b47a-795859385757","add_Test5_Name2":"206a9d54-8fa5-4362-8a38-2dc180e7e7ec","AmountTest_12":"99f5db90-9bfc-4a29-99b1-939e0a6eb6b9","AmountTest_22":"9e3ac578-9a14-4d8e-95e3-28d8f9b3266d","AmountTest_32":"ea8b029d-9bd1-4878-ba51-52ebf7280bad","AmountTest_42":"89cfe131-d012-4c91-9e9a-45d15b31fc49","AmountTest_52":"81a97136-f9e2-4f62-a36c-11eecde81b98","Approvl_labDb_stt2":"c3650b30-33e9-4ac4-b4b3-c8afb751098b","dest_country2":"c867ac9c-289f-4156-adea-ce8d33cbe814","FirstName2":"52d95328-d0d4-4882-a493-f49dfa2e8f7a","mimosa_id2":"ee33d649-8603-4018-bbf9-b842c0b8d242","MissionRate2":"3faa728a-d05e-45f1-b9ae-1b9d3c9c48aa","Arrow1":"9c41dc3d-12c2-4578-b4aa-0ad898ebd5a3","Welcome_ReqForm2_SubOffice4ViewRecords":"b818d51a-0fe4-447f-a0f2-1be07fd9aa3e","Image_WRqFm3_BckPic_2":"0307910b-cc7a-438e-8bec-7eed8730a03b","Arrow_WRqFm3_Bck_2":"844cd41d-549a-4acd-8ce3-98f77673feec","image_WRqFm3_IOMlogo_6":"c85b641a-c8ed-4723-8b22-af1eba5796c2","Label_WRqFm3_MHAC_6":"5a4c4b0b-ff18-40c8-aee8-6600566668d6","Label_WReqFm0_LTRA_9":"5f2f0c23-7fca-4e07-b119-207b9c6ee9f4","ComboBox_WRqFm3_SbOffc_2":"284bcb30-d593-4e19-80b6-1dcdb1bb5565","Arrow_WRqFm3_Fwd_2":"b8ab5c3c-9437-487c-9cfc-072e83b98371","form_WRqFm3_CpyRght_2":"3310e101-311f-477b-80d5-76115235dd11","Screen2":"89e325c1-c7af-4dec-b52e-1f77f3d9e4cd","ScreenContainer3":"3713e7ba-4114-4747-8ea5-c4a718ef9222","HeaderContainer2":"6038c199-17dc-45d6-93d3-44458f9e2cdc","Header2":"b958c145-5450-4ecd-8cff-d4f90dbc708e","MainContainer3":"31ef38b3-408b-4f04-b861-23baa9105018","Container2":"f1aa9ed8-5dd7-4783-8853-efadb04bdc9a","ImageContainer1":"037c3e43-9efe-4363-b535-4cbb8cadf2e7","Image1":"69d9928d-9929-4ddc-a5d2-a193e832717f","TitleContainer1":"04909d78-15dc-45ae-98c3-f31023eca6b2","FeatureItemButton1":"cdb158ca-04cc-4f7b-a27f-6d8d56be9566","DescriptionText1":"f8aa33f6-448a-40ac-b650-68475a64ee94","Container22":"567bb735-f499-4777-8686-210496a4e475","ImageContainer21":"1111f298-b79f-47fc-a322-2c6b9ca32423","Image21":"e175798c-fa9c-49dc-86c5-431c261167b5","TitleContainer21":"ba248fee-bd3d-4dca-942b-e8818993d56f","FeatureItemButton21":"8c2c08ac-9690-48f8-be95-04fd7fe526ee","DescriptionText21":"c10a5a5c-4ed8-45da-bba8-4e3a946ef899","Container31":"7741510d-9eb1-45a8-b99d-51401133e685","ImageContainer31":"7cb07162-d746-4744-8204-c711774383e7","Image31":"86761c53-336c-4989-95c3-1ef238b324f4","TitleContainer31":"ab2f8af3-c9c0-453c-98e5-5c03a286c418","FeatureItemButton31":"4b027e5c-dcfd-4c25-baa0-30113413cbee","DescriptionText31":"ca1fde86-0155-40b6-849d-fd406cf7475a","Container41":"63d68eee-7fdc-4fb6-bf98-975669b47b33","ImageContainer41":"e7616070-aac3-450d-877d-4190172104b0","Image41":"6436f28e-36d9-4a5b-b638-5a199abe99a1","TitleContainer41":"1513b690-2b26-48eb-975c-b9214a84e144","FeatureItemButton41":"a9b672a0-58f4-4651-9cd6-bb3295f8b919","DescriptionText41":"fa8085bd-81db-41a9-84e3-0e7918462ce7","Container51":"e82663e5-c6dc-4f56-805d-f491e3d54939","ImageContainer51":"51724089-e2c7-43b6-b4d1-a4b296b1050c","Image51":"0b89c0aa-46d3-433d-8960-4fee51479191","TitleContainer51":"652ef4b8-06f2-4321-8087-8e518e51569a","FeatureItemButton51":"36c6850a-b86f-47ab-85d6-2507d3a400da","DescriptionText51":"93c3e33d-637c-433c-b932-e2ff6d4fde45","Container61":"b75af308-efc5-4419-8819-a0ecb6b88715","ImageContainer61":"5ff97c63-8cbf-41e6-905c-1cf7b818e0ce","Image61":"56b0867b-1b92-40b5-abdc-1c515bf7c360","TitleContainer61":"fedc2b7b-f9f2-4670-902e-37d63dbe2f58","FeatureItemButton61":"5713522c-ab2a-4389-94a0-235e771f59a2","DescriptionText61":"d5c31d1a-8619-4bb7-b5d6-7d1cdcc24bd3","RecordsBenin":"6c3c2c77-dbd0-4eaf-a677-b48e7801329a","ScreenContainer1_2":"d17daabb-1ae2-4ff0-a3aa-49237f7ecc6a","HeaderContainer1_2":"1173f876-4395-45dd-9f40-0eb9b02b3f19","Header1_2":"0ac243e3-edd1-4b47-9e57-8f0fc6b8a1db","MainContainer2_2":"bdf73e59-1a69-4d35-9000-f0e6b1a838f6","Arrow1_2":"f071e84c-a6f5-49db-92ff-4da79e4f442e","9a0a162e-c997-43e8-a372-afbeb8e73bcf":"a3df3d3d-93b1-426e-8f5b-a2f564138f9e","7fb2c662-04fa-4bdd-a507-a3bc51562937":"a749f0b0-ce8c-4696-adc2-e89890765dda"}