{"schemaVersion":"1.0","appDefinitionTemplate":{"id":"/providers/Microsoft.PowerApps/apps/","type":"Microsoft.PowerApps/apps","tags":{"primaryDeviceWidth":"1366","primaryDeviceHeight":"768","supportsPortrait":"true","supportsLandscape":"true","primaryFormFactor":"Tablet","showStatusBar":"false","publisherVersion":"3.24094.14","minimumRequiredApiVersion":"2.2.0","hasComponent":"false","hasUnlockedComponent":"false","isUnifiedRootApp":"false","sienaVersion":"20241004T085742Z-3.24094.14.0"},"properties":{"appVersion":"2024-10-04T08:57:42Z","lifeCycleId":"Published","createdByClientVersion":{"major":3,"minor":24094,"build":14,"revision":0,"majorRevision":0,"minorRevision":0},"minClientVersion":{"major":3,"minor":24094,"build":14,"revision":0,"majorRevision":0,"minorRevision":0},"backgroundColor":"RGBA(0,176,240,1)","backgroundImageUri":"/2531671471064834811/N3a6f085e-8dbf-4216-be0c-58b989fca6e1-logoSmallFile","displayName":"NG AVRR_MIRP App","description":"","commitMessage":"","appUris":{"documentUri":{"value":"/2531671471064834811/N3e722a96-498c-440b-ad72-1538678be296-document.msapp"},"imageUris":[],"additionalUris":[{"isSolutionAware":false,"value":"/2531671471064834811/N7e07a983-ba2b-4076-8809-b6bebe81ecec-identity.json"}]},"createdTime":"0001-01-01T00:00:00Z","lastModifiedTime":"0001-01-01T00:00:00Z","sharedGroupsCount":0,"sharedUsersCount":0,"connectionReferences":{"ddbfab2d-46c5-4d9a-a615-52b61401c68c":{"id":"6b6fa678-566a-43c7-8b02-4c8000f1e354","displayName":"SharePoint","iconUri":"https://connectoricons-prod.azureedge.net/u/jayawan/releases/v1.0.1697/1.0.1697.3786/sharepointonline/icon.png","dataSources":["NGLagAVRR_LevOfDev","NGLagAVRR_TradeReg","NG_AVRR_ConColl_DB","Tables_4_AVRR_EcoAsst","Tables_4_AVRR_PsycoSoc","Tables_4_AVRR_SocAsst","Tables_4_AVRR_UgrAsst"],"dependencies":[],"dependents":[],"parameterHints":{},"parameterHintsV2":{},"isOnPremiseConnection":false,"bypassConsent":false,"dataSets":{"https://iomint.sharepoint.com/teams/IOMAbujaMainoffice/MHAC":{"dataSources":{"NGLagAVRR_LevOfDev":{"tableName":"b9d535fa-eb71-45d9-bd6c-4235bd6c97cf"},"NGLagAVRR_TradeReg":{"tableName":"1d6cc012-77a0-4af5-bc7f-5991a3787e42"},"NG_AVRR_ConColl_DB":{"tableName":"e048f50e-7ae4-47e3-b3f8-5728a2eb87b2"},"Tables_4_AVRR_EcoAsst":{"tableName":"e66cc09f-90c3-48d2-8ea7-8cf37db785ae"},"Tables_4_AVRR_PsycoSoc":{"tableName":"544e9292-e286-4ca4-9d4f-00137072b989"},"Tables_4_AVRR_SocAsst":{"tableName":"fc787817-c654-4149-b8c4-00e73f71e5a8"},"Tables_4_AVRR_UgrAsst":{"tableName":"aee5a12f-f654-402c-9b68-c30357edda2b"}}}},"apiTier":"Standard","isCustomApiConnection":false,"actions":["providers/PowerPlatform.Governance/Operations/Read"]}},"databaseReferences":{},"almMode":"Environment","performanceOptimizationEnabled":false,"canConsumeAppPass":false,"enableModernRuntimeMode":false,"executionRestrictions":{"isTeamsOnly":false,"dataLossPreventionEvaluationResult":{"status":"Compliant","lastEvaluationDate":"2024-08-29T15:39:01.6292008Z","violations":[],"violationsByPolicy":[],"violationErrorMessage":"The app uses the following connectors: ."}}},"appType":"ClassicCanvasApp","appComponents":[]}}