{"__Version":"0.1","App":"be014614-27fb-4270-9c68-109122e6083d","Test_7F478737223C4B69":"873c8de3-8385-4b73-a17a-289463a010c2","Host":"a6962f88-a2a0-4d40-849d-794aa83c8cb0","Personal_Info_Page1":"031e1add-340f-4d50-8aed-0a2faf883e0f","LabelPersonalInfoPg1":"ef64edd7-88a4-4bc2-9de5-d8379990e1e8","Icon1":"334931a3-a6bb-405e-8ee5-f76533a29289","IconHomePersonalInfoPg1":"83012d21-f1a2-40ee-919d-fbd3758db261","Label9PersonalInfoPg1":"cc98fa79-f501-4c5b-b424-5c1e854ca939","Label11PersonalInfoPg1":"05f37e01-6ae2-463d-a847-0abdbc8e72c4","TextInput6PersonalInfoPg1":"46609e36-52d2-41a3-a93f-39689a02d88d","Label10PersonalInfoPg1":"c837616b-bf77-4cb6-bc4c-6efc7a6bcd2c","TextInput9PersonalInfoPg1":"16988086-7276-4f77-851c-c62c2731721f","TextInput7PersonalInfoPg1":"10b33147-4e2f-4980-9013-5a53a65af793","TextInput5PersonalInfoPg1":"2992b489-e1a2-4b8c-b35f-0dab215ff556","Label12PersonalInfoPg1":"1cd5ec46-5a35-45d8-9a64-d7f6ea31df74","Label8PersonalnIfoPg1":"5cf78c96-fae7-47a7-a74b-1ae66d079de9","Label7PersonalInfoPg1":"c04c5990-96bb-48a1-bdd0-ef5af2df07a6","TextInput4PersonalInfoPg1":"aaa68f17-7cfe-4735-a29e-d294a562bae1","TextInput3PersonalInfoPg1":"052d0725-8766-4f66-8125-8006bd55a9ea","Label6PersonalInfoPg1":"f805b58f-2a20-48e0-9f6e-eacd46e0d959","Label5PersonalInfoPg1":"f31e3322-25ac-4c74-b1d8-a231a7bbf5d0","TextInput8PersonalInfoPg1":"819c7696-4ef5-4c4a-a8e8-c85bba31a6dd","Label4PersonalInfoPg1":"96eed154-1d1b-4900-81d7-533e587261e0","TextInput2PersonalInfoPg1":"53cbcb6f-45ce-43e7-85e3-ce52ad2bb4ad","Label3PersonalInfoPg1":"d58105c6-344a-4676-a1e7-5d4cb98be1b3","TextInputPersonalInfoPg1":"49628330-68a5-4b58-823d-6346e7641f04","Label2PersonalInfoPg1":"70f9ea96-61eb-4c10-890f-579267daf1b3","Icon2HomePersonalInfoPg1":"447750e8-4bd4-4402-b03c-471d3a4a13d8","LabelWelcomePage_2":"0413202a-e916-4f61-8e3f-847af034f1ae","WelcomePage":"591901a6-ddd3-46b3-b677-6ac96bd62844","LabelWelcomePage":"220a78a3-f932-49a7-90ac-7d191c3f47e9","Label2WelcomePage":"41430987-522e-44d5-bbb1-44dabbc9c87b","ButtonWelcomePage":"956d6391-1976-44af-a7a9-05f4a9e9f0d8","LabelWelcomePage_1":"254f612b-b37b-41a5-9ff5-ae08443e45d6","ReInt_Assistance_Page2":"b099f0d0-51fc-4550-94b3-a900b3293a9f","LabelPersonalInfoPg1_1":"93a8500d-97cf-4c3f-853b-d072c622c2a7","Icon1_1":"da56f348-c9ec-485e-b104-dd881ce38fa1","IconHomePersonalInfoPg1_1":"76b1e961-73bc-4060-9d95-a533af4248e4","Label4ReIntAssitancePg2":"2a08e5b5-5975-45e0-a743-7d6af7ea101e","Label2ReIntAssitancePg2":"05e1bc5c-6270-49ca-90d4-ca36263eca81","Label5ReIntAssitancePg2":"7272b7bc-9423-4b97-9953-aae6198c98b9","ComboBoxUrgAss":"4f496354-a640-4fe5-84ad-095af8497d4b","ComboBoxPsycoSess":"6d7978a0-abd8-4aca-85ad-b930df70f184","RadioReIntAssitancePg2":"9b9d7545-5a4d-4087-a13c-8dac44073e10","LabelReIntAssitancePg2":"4723713e-443b-4b6b-ad10-eb738be47469","TextInputReIntAssitancePg2":"8f1e9676-253a-4833-af5b-3cbd846ae564","LabelReIntAssPg3SocialAsst_1":"9ced854b-48f3-4ba6-b15a-f871cd5b35dc","LabelReIntAssPg3EconoAssit_1":"13777ef1-0c09-46a8-979a-e21628946c9f","ComboBoxSocAsst":"0fab8d79-08f5-4abd-abca-05d51ae71ccb","ComboBoxEcoAsst":"7b4554db-f39a-4079-9472-8772c0e642b7","IconReIntAssitancePg2ArrowDown":"1c5ad4d2-7bed-4bb5-9ca6-4a693b9aa302","LabelWelcomePage_3":"56887a95-4e6f-41b7-bc87-e8fa47fae1ef","ReInt_Assistance_Page3":"fe77f878-79f1-474a-8ca3-ab24edb0398e","LabelPersonalInfoPg1_2":"38aaa69a-ff5c-4b60-b6ea-d5cad7ee756f","IconHomePersonalInfoPg1_2":"9b5b34b2-a24c-4448-bf33-b278add77825","Icon1_2":"51678d46-b651-4a36-ad3a-057fc823fee1","LabelReIntAssPg3ReferralNSynergies":"0ef6f7b1-830c-4594-8084-6222b5c3bbc2","Container_Actor":"3e0e1c75-a1c4-4770-8060-b49390167cc6","LabelReInAsstPg3Actor":"f138617d-b9dd-4c6e-9f96-bb14683218d6","TextInputReIntAssPg3Actor1":"d0e4dee1-1438-42fb-977c-ac22665be6a3","TextInputReIntAssPg3Actor2":"93a5650f-ecef-44bf-8d76-183b987692c1","TextInputReIntAssPg3Actor3":"9dde4878-852c-491d-8fb5-fc962526b80b","TextInputReIntAssPg3Actor4":"3c5c794c-dafe-4dbc-9983-e13b5d6359ad","Container_AssistanceToProvide":"a30a1bd9-4422-46ae-a735-e8c2bd491303","Label2_4":"d387c658-8ad1-4b7d-ab37-d5d55995dff3","TextInput2_1":"99d83320-2626-4f2c-bc1e-1b02efc4c446","TextInput3_3":"349004ec-f980-4574-829c-0a0a563e7482","TextInput3_4":"bb332dbe-3b2f-4abe-a68e-c81fc217947d","TextInput3_5":"382ef2bf-b026-4ec3-8319-3d272223c01a","LabelReIntAssPg4BusPlan":"8f62a7bf-7a80-4b06-a9aa-cb61d1143031","LabelReIntAssPg4TypeofActvty":"156afd35-3941-45e8-8454-2347e6e9c878","TextInputReIntAssPg4TypeofActvty":"a1e0c72c-beda-4c13-abad-286e69e84282","LabelReIntAssPg4ActvtyLocatn":"ede40a80-e536-4fe9-b875-d78d70baf25f","TextInputReIntAssPg4ActivtyLoctn":"4dd209d1-ab19-472f-9575-b0c7febe3751","LabelReIntAssPg4LevlOfDev":"cf83fd72-2e6c-4024-8745-5eed436bffb2","ComboBoxReIntAssPg4LevelOfDev":"4992834d-6738-4ddc-bf8b-54ae32c6d66e","LabelReIntAssPg4DoYouNeedTrdReg":"ba0657f4-b28d-4913-908c-7a9f278c4c00","ComboBoxReIntAssPg4TradeReg":"e30f9d4d-f85e-40bb-b39e-f8a3cf530508","IconReIntAssPg3ArrowDown":"cf43a0c7-eacc-4dfa-8cf6-8dee9eb85c99","LabelWelcomePage_4":"c4a94f91-2da2-4acd-9beb-37bbf70240aa","ReInt_Assistance_Page4":"e0887f05-38ba-4d91-ae5b-edf75d66c822","LabelPersonalInfoPg1_3":"2b5bdcb3-be0f-4b1d-897d-71acc4e4071e","IconHomePersonalInfoPg1_3":"86b4edb3-1c83-45c0-acf4-00767e7781a4","Icon1_3":"1fc21a3c-5b02-4563-8992-d2f124011e82","LabelReIntAssPg4WhatExpdoYouHave":"e5acfa71-1108-44ab-b5b6-99cf72acdd06","TextInputReIntAssPg4WhatExpdoYouHave":"6966c9fb-6a42-4c74-8da6-3d7866ea8a62","LabelReIntAssPg4BrieflyDescBusn":"dc14d006-68f8-4f6f-b93b-a2c454cd32ed","TextInputReIntAssPg4BrieflyDescBusn":"4650dcdd-c527-42cd-8add-95486bbd93ff","LabelReIntAssPg4DescMarktngStratgy":"11fd34a7-d3c4-4da2-8485-9ed4b56f713e","TextInputReIntAssPg4DescMarktngStratgy":"b8eb70be-fb11-4215-9441-26ff0b6fa463","IconReIntAssPg4ArrowDown":"6053d38d-6724-4d93-b605-4969a7aa94e4","LabelWelcomePage_5":"de169bd0-04df-42b3-835a-130742c21932","ReInt_Assistance_Page5":"5978fdd6-eeba-495a-acd1-ca398167eff5","LabelPersonalInfoPg1_4":"c2ae3d7a-bf57-4509-827d-88452891137c","Icon1_4":"fd129311-9e24-40ee-9442-c7c2e04afbd8","IconHomePersonalInfoPg1_4":"607932fe-5e08-415d-9adb-dce4e9a4f9ae","LabelReIntAssPg5BusPlan":"fc1ecff3-1408-4d49-8d1d-b2d0115cede2","LabelReIntAssPg5DescYourHumanNeeds":"3608c85b-a03a-4410-909f-7b60acf0986e","TextInputReIntAssPg5DescYourHumanNeeds":"5201d380-07a9-4b80-891f-f941ee444f04","LabelReIntAssPg5WhoareYourMainComp":"b8c20dba-6716-4206-9967-73d05c8af1df","TextInputReIntAssPg5WhoareYourMainComp":"94298e33-4f1b-4b99-bd75-468e6b0d9f41","LabelReIntAssPg5WatAdvantYouBizHave":"b2235a5f-5a66-4f1f-aa51-1fcc5c2f6196","TextInputReIntAssPg5WatAdvanYouBizHave":"780a0323-3f88-4921-a564-5198dfb9eedc","LabelReIntAssPg5WhatRiskWface":"63e97245-bc9e-4f7b-89b6-757a689c2a77","TextInputReIntAssPg5WhatRiskWface":"385aad66-bf17-4bb3-8a92-46a7e589a166","IconReIntAsstPg5ArrowDown":"fc07d618-f468-4f34-ac74-1fb484b75873","LabelWelcomePage_6":"614d56e4-756c-4e00-9077-69e57d8d04dd","ReInt_Assistance_SignPage":"2ce20600-ebec-4fc8-b81d-bb65645b94af","LabelPersonalInfoPg1_7":"3f966616-9d04-4cf1-a6bf-df9e1260d6e2","IconHomePersonalInfoPg1_7":"c1f58d8f-7817-47bf-b9cb-132fc553fa67","Icon1_8":"c8a292f4-4715-465b-a4b8-f19ffe31f622","LabelReIntAssSPgApprovby":"ce33a37a-271b-4dcd-9351-b0d5e91d40e2","LabelReIntAssSPgApprovby_1":"b9967e30-9a49-4150-8f7c-aa538add6410","PenInput1":"e38af70f-5c75-47f7-89f7-1567e65ea92a","LabelReIntAssSPgMigSign":"f0d2b537-d22f-47ff-a58a-1cae349a1202","ButtonReIntAssSPgSubmit":"5ba2e077-6f58-4117-b23e-cdcc52e2488e","LabelWelcomePage_9":"5bab103c-d3e6-46ca-9f7b-af59df124105","ReInt_Assistance_SignSuccessPage":"9a77a41d-af15-4e87-9a43-d586dd67b279","LabelPersonalInfoPg1_8":"ae7ae2dc-081a-4829-8646-d0dc1c8f8f21","Icon1_9":"92dc91f8-594f-46ee-9263-c721437ed8db","Icon1_5":"71138313-0305-445d-9bef-6afa40eeacbe","Icon2":"856f177a-12d8-426d-8ccb-17852dae0b39","Label1_42":"7ab40f10-c572-4d57-989d-d14d89979e79","Label1_43":"779d3cef-1dc7-43de-8160-1a95198c76fe","LabelWelcomePage_10":"e05cf6b0-acc0-40e0-ade2-125c2743085d","ReInt_Assistance_Page7":"e6bffe0d-847a-4573-9e1a-1cfb341c594a","LabelPersonalInfoPg1_6":"874b5dc8-83f4-461c-8b55-993be0b77f3b","Icon1_7":"4ab0f877-8b35-437d-be23-209efb1fd878","IconHomePersonalInfoPg1_6":"9806a1b0-0ac5-458d-a179-d3e4289d6371","LabelReIntAssPg7BizPlan":"ef18c025-d9e4-41bb-9a37-7b3079049269","Container_MonthlyRevenue_3":"d60d24ba-90e2-41ab-b996-77e019c08145","LabelReIntAssPg7MonProBefTaxes":"3ab6a76e-559c-4aeb-8d37-f91f14b4c664","LabelReIntAssPg7Taxes":"4982d815-8285-4b7a-96c2-3d690ce00cf7","LabelReIntAssPg7MonProIncome":"90b05d4b-06c6-4521-895c-2dda76359da3","Container_MonthlyRevenue_2":"cd98918d-6ab9-4571-820f-371a03a3df2b","TextInputReIntAssPg7MonProBefTaxes":"d23e7348-b99a-4c1c-81f0-d78e9809c128","TextInputReIntAssPg7Taxes":"d2d38746-bcd2-405b-836f-0df187ac738d","LabelReIntAssPg7MonProfIncom_1":"0081977a-0700-435d-91eb-cd399f382124","Container_MonthlyRevenue_4":"b7ebd9e9-0aff-4857-916f-0a4f39da2d16","LabelReIntAssPg7NecesFunds":"ca1696a9-3bf3-4a07-8969-1e9dc388fbce","Container_MonthlyRevenue_5":"b7d43876-ff81-48be-919f-07cde9e2715d","LabelReIntAssPg7IOM":"ab571bf7-3eca-430e-a019-2fa04712b273","TextInputReIntAssPg7IOMAmt1":"b858ecf5-2796-49e0-8cf2-ae03f9fae715","TextInputReIntAssPg7IOMAmt2":"e3928ef9-b7c8-4992-90cf-056ba4c64415","TextInputReIntAssPg7IOMAmt3":"2a2a1c87-18c1-4f5e-8bd1-39abf906dbd6","LabelReIntAssPg7IOMTotal":"7566dbc4-890b-486a-8ebe-4c35bedd3c31","Container_MonthlyRevenue_6":"f647d75b-d444-4d05-8ee2-4cb0116139d3","LabelReIntAssPg7Migrant":"e3f02709-fa48-44b2-ae8b-4c4efd5ecc93","TextInputReIntAssPg7MigAmount1":"a361d67c-4fca-4d6a-b6ce-224a755f12e0","TextInputReIntAssPg7MigAmount2":"0074a6d9-7ad9-4f48-859c-17117f247ac1","TextInputReIntAssPg7MigAmount3":"3f1fbfbd-c92c-4f0e-ac97-c344bcf2e2e4","LabelReIntAssPg7MigAmtTotal":"05b69bd0-9649-4fcf-92d6-128219bce4a1","Container_MonthlyRevenue_8":"35412677-289d-4912-af25-719c7b6a68fa","LabelReIntAssPg7Other":"0bbf7022-3f39-4cef-a3d5-4178f3d78e26","TextInputReIntAssPg7OtherAmount1":"b1d8dd93-feea-465d-b48f-d1f370759e04","TextInputReIntAssPg7OtherAmount2":"784f063d-24c3-47b0-ba82-c96603a77ec4","TextInputReIntAssPg7OtherAmount3":"06874cf7-66da-4445-9483-ef439de6d706","LabelReIntAssPg7OthAmtTotal":"5802446a-6fe7-4b7f-9497-880eb318ed3c","Container_MonthlyRevenue_10":"ec6f79f9-33a4-4d47-9b17-ca127c0f03ed","LabelReIntAssPg7Total2":"f34b89ff-09a7-47e0-a2c7-2343e27439cd","TextInputReIntAssPg7TotalAmount1":"a4a5360f-c053-4485-9a50-9f51522bbb94","TextInputReIntAssPg7TotalAmount2":"1699250e-507b-4f1f-823d-398c6bfb7bff","TextInputReIntAssPg7TotalAmount3":"1a46c17b-537e-4276-84dc-e90fd98bf70e","LabelReintAssPg7TotalOfTotal":"e97d3b19-750a-45dc-b9bb-3e71ae1fb7c9","LabelReIntAssPg7Total":"f3522e6a-6c16-4bb0-8674-9b30ab2239bc","IconReIntAssPg7ArrowDown":"b5bb935e-3ecf-4a3f-a6fe-29c069b861b2","LabelWelcomePage_8":"163d3aab-8d06-402c-b105-2bc91f5e650e","ReInt_Assistance_Page6":"800c8f26-d980-470a-ae1f-8a0b1e5c614c","LabelPersonalInfoPg1_5":"1756b203-d56c-4b09-951a-509cbcef2166","Icon1_6":"f2ab833f-6a8e-4cf9-8647-ab60f0751a32","IconHomePersonalInfoPg1_5":"d839f2ea-ed52-4a85-97d0-8587229b4a93","LabelReIntAssPg6BusPlan":"4f27769b-cc94-4966-aaa8-9fbd9f66fc37","LabelReIntAssPg6HwdoYouPlanToApp":"480e1958-596f-4b1e-af39-1f061172e2c1","TextInputReIntAssPg6HwdoYouPlanToApp":"8ca26c34-7ad5-461c-9db5-ad69babc1444","LabelReIntAssPg6WatAreYourLongTerm":"a407d2ce-f431-4cf4-b29d-85fc37661a15","TextInputReIntAssPg6WatAreYourLongTerm":"2a322c67-c608-44cf-ac10-8f3f15327c20","LabelReIntAssPg6ExpProfitability":"854b535c-7008-4efb-ac43-9013503b92c3","Container_MonthlyRevenue":"5d184375-fe97-4e68-877f-651a07e94996","LabelReIntAssPg6MonthlyRev":"3e9d63c4-0717-4731-a18d-c0ce87808335","Container_MonthlyRevenue_1":"68107922-4b7d-449b-aeda-462af04a6185","TextInputReIntAssPg6MonthRev":"1775d9af-c8e6-402a-938e-e9d472ea577f","TextInputReIntAssPg6Rent":"e10726e5-f02d-4c64-94e3-d76bf5512015","TextInputReIntAssPg6Services":"5908456b-8ccf-4bcb-aba8-eec82792d7de","TextInputReIntAssPg6Inputs":"d1407079-f039-4762-9dfc-9a08dd7878f6","TextInputReIntAssPg6Other":"73993d27-63d8-43cd-932e-4de4ea3e55ce","LabelReIntAssPg6ExpenseTotal":"543fc3a9-ecc9-4dbf-a844-f04513e4c9be","LabelReIntAssPg6MonthlyExp":"1d1146b3-5ef3-4d4a-818f-153c6ab20ea5","ContainerReIntAssPg6Rentnothers":"98a34169-e7aa-477e-a6eb-f88d1de2adf8","LabelReIntAssPg6Rent":"86621678-7da1-4722-93bd-0095e4caf07e","LabelReIntAssPg6Services":"c72a32cb-ee54-4d61-89d2-30f1fee1c883","LabelReIntAssPg6Inputs":"625104b6-4a84-4974-b895-cd50923bae5d","LabelReIntAssPg6Other":"4918e7b2-f65d-4fd5-a1e9-a6ae222787ad","LabelReIntAssPg6Total":"1a1a898f-2fed-48ee-a25b-423be87bd6e4","IconReIntAssPg6ArrowDown":"f7e67d09-39bf-4438-89b4-a3cd197388d8","LabelWelcomePage_7":"c7c89838-e878-415b-9bf7-49ab08c451b6","Timer1":"65e3dcf0-0dc7-4727-a555-b4363da92874","ReInt_Assistance_SignTest":"24d11335-4b63-4a79-b028-fbf8e38989f5","LabelPersonalInfoPg1_9":"e5211b64-a151-4a63-a6e3-442149da5836","Icon1_10":"f21085cc-7d8a-423e-be03-c0f3c519cd90","Icon1_11":"560b7ecc-fd55-4a3a-bdb8-059c0aad8dd2","Icon2_1":"a3ad33ba-46f5-4fad-87e2-5892f28f49ea","Label1_44":"159df676-7a3c-46fd-903c-4fef7fa38095","Label1_45":"b47e4998-a002-4ea6-be01-d79355366b51","LabelWelcomePage_11":"dc94530e-e6d7-49b2-b430-c82c940d1cc2"}